Population,Localidad/ubicación,Año,Edad,Sexo,Causa de muerte o lesión,Medir,Valor,Límite inferior,Límite superior
Toda la población,Argentina,1990,Todas las edades,Ambos,Enfermedad renal crónica,DALYs,222577.97153561283,202413.51581215163,242117.81782799916
Toda la población,Argentina,1991,Todas las edades,Ambos,Enfermedad renal crónica,DALYs,229805.7483190413,209462.4544375716,250579.3922472496
Toda la población,Argentina,1992,Todas las edades,Ambos,Enfermedad renal crónica,DALYs,238479.41158874184,217894.82296026096,259452.42181197583
Toda la población,Argentina,1993,Todas las edades,Ambos,Enfermedad renal crónica,DALYs,241145.17054545102,220166.66114003747,261824.51783199864
Toda la población,Argentina,1994,Todas las edades,Ambos,Enfermedad renal crónica,DALYs,233355.90481202913,213028.84652261235,255126.47017104097
Toda la población,Argentina,1995,Todas las edades,Ambos,Enfermedad renal crónica,DALYs,241768.80155775018,219383.1625071215,263984.2475553515
Toda la población,Argentina,1996,Todas las edades,Ambos,Enfermedad renal crónica,DALYs,244915.21916001878,222337.68899268698,267728.2561975626
Toda la población,Argentina,1997,Todas las edades,Ambos,Enfermedad renal crónica,DALYs,257498.1011064347,235314.55752794808,280585.69321231515
Toda la población,Argentina,1998,Todas las edades,Ambos,Enfermedad renal crónica,DALYs,270810.47574840207,246485.59218512668,293680.06383274676
Toda la población,Argentina,1999,Todas las edades,Ambos,Enfermedad renal crónica,DALYs,280357.73737956665,253538.73897555927,302125.4755721645
Toda la población,Argentina,2000,Todas las edades,Ambos,Enfermedad renal crónica,DALYs,280310.9795406086,252703.87609409797,302274.6135668815
Toda la población,Argentina,2001,Todas las edades,Ambos,Enfermedad renal crónica,DALYs,292641.1213134017,262818.680655365,316716.48486734973
Toda la población,Argentina,2002,Todas las edades,Ambos,Enfermedad renal crónica,DALYs,305433.6044168141,276634.562469585,330048.0452787462
Toda la población,Argentina,2003,Todas las edades,Ambos,Enfermedad renal crónica,DALYs,308417.9978695094,280051.05160005507,335822.340387741
Toda la población,Argentina,2004,Todas las edades,Ambos,Enfermedad renal crónica,DALYs,298608.78165371413,270982.7916398415,324598.3149548235
Toda la población,Argentina,2005,Todas las edades,Ambos,Enfermedad renal crónica,DALYs,295109.9536330688,269638.708948434,321529.86723606545
Toda la población,Argentina,2006,Todas las edades,Ambos,Enfermedad renal crónica,DALYs,299109.0966321671,274866.3932913383,328359.3783043936
Toda la población,Argentina,2007,Todas las edades,Ambos,Enfermedad renal crónica,DALYs,319678.05877793935,293829.73456002894,351180.26851898886
Toda la población,Argentina,2008,Todas las edades,Ambos,Enfermedad renal crónica,DALYs,306597.6454639088,282521.06227319455,336400.0323924213
Toda la población,Argentina,2009,Todas las edades,Ambos,Enfermedad renal crónica,DALYs,307765.63333693886,283920.48648432706,336723.5600023786
Toda la población,Argentina,2010,Todas las edades,Ambos,Enfermedad renal crónica,DALYs,320110.42367635644,294274.520771648,350589.7391984242
Toda la población,Argentina,2011,Todas las edades,Ambos,Enfermedad renal crónica,DALYs,315687.3287351691,288318.61487305263,347420.1819446605
Toda la población,Argentina,2012,Todas las edades,Ambos,Enfermedad renal crónica,DALYs,314791.5948485751,288774.5255462071,344737.7127966022
Toda la población,Argentina,2013,Todas las edades,Ambos,Enfermedad renal crónica,DALYs,316227.8071710743,286911.76778952195,344047.08648010006
Toda la población,Argentina,2014,Todas las edades,Ambos,Enfermedad renal crónica,DALYs,308509.8074479234,279448.05415180925,335122.18012702983
Toda la población,Argentina,2015,Todas las edades,Ambos,Enfermedad renal crónica,DALYs,308159.8921083894,278747.6987239943,334089.8924862151
Toda la población,Argentina,2016,Todas las edades,Ambos,Enfermedad renal crónica,DALYs,318009.58579749486,286673.4075993356,346693.216694714
Toda la población,Argentina,2017,Todas las edades,Ambos,Enfermedad renal crónica,DALYs,310241.87688753055,279698.7796971953,338115.40802554495
Toda la población,Argentina,2018,Todas las edades,Ambos,Enfermedad renal crónica,DALYs,312755.6922416267,283830.73646398867,340831.19541334943
Toda la población,Argentina,2019,Todas las edades,Ambos,Enfermedad renal crónica,DALYs,315511.76928261796,288187.915440857,344595.0957582053
Toda la población,Argentina,2020,Todas las edades,Ambos,Enfermedad renal crónica,DALYs,307221.89072576165,279685.1449851831,335069.02103355713
Toda la población,Argentina,2021,Todas las edades,Ambos,Enfermedad renal crónica,DALYs,337330.52601090295,304525.94131555833,371091.1639041571
Toda la población,Argentina,2022,Todas las edades,Ambos,Enfermedad renal crónica,DALYs,380663.2697092447,341893.1432301572,423069.8058314802
Toda la población,Argentina,2023,Todas las edades,Ambos,Enfermedad renal crónica,DALYs,364739.19099083386,329911.5722131702,409833.8833444738
Toda la población,Estados Unidos de América,1990,Todas las edades,Ambos,Enfermedad renal crónica,DALYs,819636.3337396267,716946.3007118073,912470.3731269666
Toda la población,Estados Unidos de América,1991,Todas las edades,Ambos,Enfermedad renal crónica,DALYs,839770.8693500715,734272.7412962853,939328.0064261294
Toda la población,Estados Unidos de América,1992,Todas las edades,Ambos,Enfermedad renal crónica,DALYs,863492.4566195221,756454.3098225761,968012.2982447648
Toda la población,Estados Unidos de América,1993,Todas las edades,Ambos,Enfermedad renal crónica,DALYs,899970.5511112348,789982.3174558228,1008271.301902141
Toda la población,Estados Unidos de América,1994,Todas las edades,Ambos,Enfermedad renal crónica,DALYs,913601.398838287,800435.4494839726,1025495.5626155826
Toda la población,Estados Unidos de América,1995,Todas las edades,Ambos,Enfermedad renal crónica,DALYs,939881.8460945603,823696.9098614751,1055438.1017402732
Toda la población,Estados Unidos de América,1996,Todas las edades,Ambos,Enfermedad renal crónica,DALYs,962655.793588642,844655.7516036355,1083700.7221877065
Toda la población,Estados Unidos de América,1997,Todas las edades,Ambos,Enfermedad renal crónica,DALYs,994391.8989313598,875308.0023817744,1113665.5223616578
Toda la población,Estados Unidos de América,1998,Todas las edades,Ambos,Enfermedad renal crónica,DALYs,1046708.5836850635,926718.7843262544,1168859.137679215
Toda la población,Estados Unidos de América,1999,Todas las edades,Ambos,Enfermedad renal crónica,DALYs,1163433.292514095,1038209.0483446865,1289815.3279454384
Toda la población,Estados Unidos de América,2000,Todas las edades,Ambos,Enfermedad renal crónica,DALYs,1275888.614326294,1140381.468958901,1417773.2127404367
Toda la población,Estados Unidos de América,2001,Todas las edades,Ambos,Enfermedad renal crónica,DALYs,1343707.170589401,1202521.1209761007,1489334.8853766792
Toda la población,Estados Unidos de América,2002,Todas las edades,Ambos,Enfermedad renal crónica,DALYs,1397873.4199689715,1253894.5004761813,1541595.461972724
Toda la población,Estados Unidos de América,2003,Todas las edades,Ambos,Enfermedad renal crónica,DALYs,1448462.8939234018,1298208.2057254247,1604299.6468245506
Toda la población,Estados Unidos de América,2004,Todas las edades,Ambos,Enfermedad renal crónica,DALYs,1469914.1735016492,1324353.6645676687,1637672.7174501014
Toda la población,Estados Unidos de América,2005,Todas las edades,Ambos,Enfermedad renal crónica,DALYs,1531607.7248816462,1384288.5661282474,1704056.451448277
Toda la población,Estados Unidos de América,2006,Todas las edades,Ambos,Enfermedad renal crónica,DALYs,1575542.037645351,1414590.6449278046,1753318.108314801
Toda la población,Estados Unidos de América,2007,Todas las edades,Ambos,Enfermedad renal crónica,DALYs,1625339.6924996746,1456622.2323479406,1808351.0592743582
Toda la población,Estados Unidos de América,2008,Todas las edades,Ambos,Enfermedad renal crónica,DALYs,1707921.2345449345,1537161.297642377,1896940.3128915394
Toda la población,Estados Unidos de América,2009,Todas las edades,Ambos,Enfermedad renal crónica,DALYs,1756869.914047006,1576595.0271001512,1956358.322655871
Toda la población,Estados Unidos de América,2010,Todas las edades,Ambos,Enfermedad renal crónica,DALYs,1879021.242744237,1684955.822899992,2077297.8332464686
Toda la población,Estados Unidos de América,2011,Todas las edades,Ambos,Enfermedad renal crónica,DALYs,2064447.8068340765,1853258.2514360438,2281124.52754551
Toda la población,Estados Unidos de América,2012,Todas las edades,Ambos,Enfermedad renal crónica,DALYs,2172527.8640942555,1954365.1954871581,2398295.359624223
Toda la población,Estados Unidos de América,2013,Todas las edades,Ambos,Enfermedad renal crónica,DALYs,2326169.570653466,2092985.5420399506,2553807.268930331
Toda la población,Estados Unidos de América,2014,Todas las edades,Ambos,Enfermedad renal crónica,DALYs,2421409.107030185,2176911.323645494,2653218.2911943947
Toda la población,Estados Unidos de América,2015,Todas las edades,Ambos,Enfermedad renal crónica,DALYs,2560521.183003986,2298912.2219416187,2810412.5558632705
Toda la población,Estados Unidos de América,2016,Todas las edades,Ambos,Enfermedad renal crónica,DALYs,2657889.9983649817,2381133.417043769,2914210.805498821
Toda la población,Estados Unidos de América,2017,Todas las edades,Ambos,Enfermedad renal crónica,DALYs,2779467.656576038,2483002.9597830176,3041063.587965979
Toda la población,Estados Unidos de América,2018,Todas las edades,Ambos,Enfermedad renal crónica,DALYs,2865906.261082286,2566476.2552159037,3142205.981895417
Toda la población,Estados Unidos de América,2019,Todas las edades,Ambos,Enfermedad renal crónica,DALYs,2965898.5762102203,2674790.0785045098,3248950.21122554
Toda la población,Estados Unidos de América,2020,Todas las edades,Ambos,Enfermedad renal crónica,DALYs,3130724.780634156,2839389.8110530786,3425457.7639483614
Toda la población,Estados Unidos de América,2021,Todas las edades,Ambos,Enfermedad renal crónica,DALYs,3172177.0516759986,2869385.589814165,3481456.4368475294
Toda la población,Estados Unidos de América,2022,Todas las edades,Ambos,Enfermedad renal crónica,DALYs,3268165.3647545846,2930641.513877001,3593830.481827417
Toda la población,Estados Unidos de América,2023,Todas las edades,Ambos,Enfermedad renal crónica,DALYs,3352539.5457390877,2985496.712602823,3683370.5584255992
Toda la población,Perú,1990,Todas las edades,Ambos,Enfermedad renal crónica,DALYs,84601.0675817017,71381.42242228327,99772.17353931686
Toda la población,Perú,1991,Todas las edades,Ambos,Enfermedad renal crónica,DALYs,89308.68062639386,76393.8038654737,103465.82187944543
Toda la población,Perú,1992,Todas las edades,Ambos,Enfermedad renal crónica,DALYs,95380.78897471439,81833.90160439562,110383.44518396638
Toda la población,Perú,1993,Todas las edades,Ambos,Enfermedad renal crónica,DALYs,102311.19291849702,88257.04590434796,117934.85391553618
Toda la población,Perú,1994,Todas las edades,Ambos,Enfermedad renal crónica,DALYs,108684.37903003077,93574.63530263299,126944.99535721367
Toda la población,Perú,1995,Todas las edades,Ambos,Enfermedad renal crónica,DALYs,114754.29268008642,100320.96267961801,134008.24389292396
Toda la población,Perú,1996,Todas las edades,Ambos,Enfermedad renal crónica,DALYs,120770.49149504026,105959.58120693661,141645.50486012144
Toda la población,Perú,1997,Todas las edades,Ambos,Enfermedad renal crónica,DALYs,121734.59027233746,107174.70019218457,140916.46903898296
Toda la población,Perú,1998,Todas las edades,Ambos,Enfermedad renal crónica,DALYs,122260.17108689545,106433.13154757784,139357.0935888503
Toda la población,Perú,1999,Todas las edades,Ambos,Enfermedad renal crónica,DALYs,122935.73541876732,106712.61104778123,138304.614547166
Toda la población,Perú,2000,Todas las edades,Ambos,Enfermedad renal crónica,DALYs,121609.69843245503,101773.42880719833,136207.63694479334
Toda la población,Perú,2001,Todas las edades,Ambos,Enfermedad renal crónica,DALYs,122751.1906562374,100083.00763370038,137836.38825525905
Toda la población,Perú,2002,Todas las edades,Ambos,Enfermedad renal crónica,DALYs,126285.59802490796,101261.60218866046,142624.12598821017
Toda la población,Perú,2003,Todas las edades,Ambos,Enfermedad renal crónica,DALYs,134095.25853969928,105606.66005330006,152552.4062686612
Toda la población,Perú,2004,Todas las edades,Ambos,Enfermedad renal crónica,DALYs,140031.19540215837,108687.98014617487,162475.67926136343
Toda la población,Perú,2005,Todas las edades,Ambos,Enfermedad renal crónica,DALYs,139631.43893732218,107717.48502000936,163989.6744486513
Toda la población,Perú,2006,Todas las edades,Ambos,Enfermedad renal crónica,DALYs,137697.10858958308,105469.25546758593,163166.57167857562
Toda la población,Perú,2007,Todas las edades,Ambos,Enfermedad renal crónica,DALYs,143393.569974577,109965.33084856022,171059.14553569996
Toda la población,Perú,2008,Todas las edades,Ambos,Enfermedad renal crónica,DALYs,149746.65641820082,117009.27685360312,176490.01958162634
Toda la población,Perú,2009,Todas las edades,Ambos,Enfermedad renal crónica,DALYs,155301.16983968925,122501.86285659176,182899.09422594053
Toda la población,Perú,2010,Todas las edades,Ambos,Enfermedad renal crónica,DALYs,160076.81577672774,127943.56900976649,186925.25139819714
Toda la población,Perú,2011,Todas las edades,Ambos,Enfermedad renal crónica,DALYs,158628.5839442162,129210.71167351214,182571.33173825778
Toda la población,Perú,2012,Todas las edades,Ambos,Enfermedad renal crónica,DALYs,156470.6706134686,129642.82332053047,177249.72138374517
Toda la población,Perú,2013,Todas las edades,Ambos,Enfermedad renal crónica,DALYs,152646.62876578595,126145.92172004264,171900.7156651089
Toda la población,Perú,2014,Todas las edades,Ambos,Enfermedad renal crónica,DALYs,148342.10257806056,124543.57514209312,166192.0689882484
Toda la población,Perú,2015,Todas las edades,Ambos,Enfermedad renal crónica,DALYs,145477.85983717188,125333.02420432765,163477.08132786397
Toda la población,Perú,2016,Todas las edades,Ambos,Enfermedad renal crónica,DALYs,150756.8343032668,130333.74602236286,169779.17096905172
Toda la población,Perú,2017,Todas las edades,Ambos,Enfermedad renal crónica,DALYs,166821.6664376093,146864.88119836606,186542.39531338823
Toda la población,Perú,2018,Todas las edades,Ambos,Enfermedad renal crónica,DALYs,176645.6571777998,155236.0794090624,199882.59634450392
Toda la población,Perú,2019,Todas las edades,Ambos,Enfermedad renal crónica,DALYs,185528.64826033174,163635.2747675281,214348.07519114082
Toda la población,Perú,2020,Todas las edades,Ambos,Enfermedad renal crónica,DALYs,190883.452514004,166003.61169068838,218770.1823703916
Toda la población,Perú,2021,Todas las edades,Ambos,Enfermedad renal crónica,DALYs,225806.49075067625,196077.67839564406,264650.106785577
Toda la población,Perú,2022,Todas las edades,Ambos,Enfermedad renal crónica,DALYs,216169.34716959918,186591.76061435853,256335.64564903142
Toda la población,Perú,2023,Todas las edades,Ambos,Enfermedad renal crónica,DALYs,226590.15881758335,191817.86158603933,273439.63926769013
Toda la población,México,1990,Todas las edades,Ambos,Enfermedad renal crónica,DALYs,499408.7249049792,447831.9608711832,554249.8456119911
Toda la población,México,1991,Todas las edades,Ambos,Enfermedad renal crónica,DALYs,524636.9206115314,470862.2603869367,580207.2931502975
Toda la población,México,1992,Todas las edades,Ambos,Enfermedad renal crónica,DALYs,543412.8384308505,487298.51596159325,602411.1312457535
Toda la población,México,1993,Todas las edades,Ambos,Enfermedad renal crónica,DALYs,565212.2628100308,508225.09292933403,624778.8258354393
Toda la población,México,1994,Todas las edades,Ambos,Enfermedad renal crónica,DALYs,582467.7888449478,524411.2585922915,638047.0645944041
Toda la población,México,1995,Todas las edades,Ambos,Enfermedad renal crónica,DALYs,607538.4008550225,548187.6526624907,664220.5373407077
Toda la población,México,1996,Todas las edades,Ambos,Enfermedad renal crónica,DALYs,633883.6975780019,571369.0766097088,693172.0313397835
Toda la población,México,1997,Todas las edades,Ambos,Enfermedad renal crónica,DALYs,682504.1763936635,617551.7592875296,745795.607233348
Toda la población,México,1998,Todas las edades,Ambos,Enfermedad renal crónica,DALYs,843712.7640819751,771116.9833485667,913992.3903022534
Toda la población,México,1999,Todas las edades,Ambos,Enfermedad renal crónica,DALYs,934284.7255697222,861045.8490372226,1005281.3290172741
Toda la población,México,2000,Todas las edades,Ambos,Enfermedad renal crónica,DALYs,1030379.6660896885,951050.9647403025,1108725.5092549778
Toda la población,México,2001,Todas las edades,Ambos,Enfermedad renal crónica,DALYs,1094212.922114021,1012673.1441597878,1179769.5065339229
Toda la población,México,2002,Todas las edades,Ambos,Enfermedad renal crónica,DALYs,1136993.6463253924,1050078.2461008464,1229027.5429606598
Toda la población,México,2003,Todas las edades,Ambos,Enfermedad renal crónica,DALYs,1197034.4208367723,1103476.294041526,1294933.1735161343
Toda la población,México,2004,Todas las edades,Ambos,Enfermedad renal crónica,DALYs,1253567.690163281,1157640.7732050712,1362387.511758103
Toda la población,México,2005,Todas las edades,Ambos,Enfermedad renal crónica,DALYs,1314141.4637165093,1216391.1353654691,1425640.259316323
Toda la población,México,2006,Todas las edades,Ambos,Enfermedad renal crónica,DALYs,1425434.2808100395,1320848.918430592,1535031.1170090067
Toda la población,México,2007,Todas las edades,Ambos,Enfermedad renal crónica,DALYs,1570801.2954079239,1455403.093987955,1683270.084177407
Toda la población,México,2008,Todas las edades,Ambos,Enfermedad renal crónica,DALYs,1682183.6290442073,1560583.4847432864,1805431.207935896
Toda la población,México,2009,Todas las edades,Ambos,Enfermedad renal crónica,DALYs,1681375.0033700955,1548876.0369208595,1804358.2418367607
Toda la población,México,2010,Todas las edades,Ambos,Enfermedad renal crónica,DALYs,1762830.7384133188,1630667.2797476677,1893167.3680647507
Toda la población,México,2011,Todas las edades,Ambos,Enfermedad renal crónica,DALYs,1779961.2501542736,1649576.7357833139,1913547.2722819746
Toda la población,México,2012,Todas las edades,Ambos,Enfermedad renal crónica,DALYs,1824955.906802142,1701501.246685538,1963035.9777254139
Toda la población,México,2013,Todas las edades,Ambos,Enfermedad renal crónica,DALYs,1840090.1457446425,1712505.3851033286,1977927.1695681894
Toda la población,México,2014,Todas las edades,Ambos,Enfermedad renal crónica,DALYs,1842587.3354697963,1712363.77595925,1973541.6851157793
Toda la población,México,2015,Todas las edades,Ambos,Enfermedad renal crónica,DALYs,1953202.3642454275,1810642.5128678472,2088177.903640547
Toda la población,México,2016,Todas las edades,Ambos,Enfermedad renal crónica,DALYs,2024239.3834688405,1881152.924252801,2158431.17801887
Toda la población,México,2017,Todas las edades,Ambos,Enfermedad renal crónica,DALYs,2031606.512212115,1896405.0910950492,2173208.6101679127
Toda la población,México,2018,Todas las edades,Ambos,Enfermedad renal crónica,DALYs,1917747.85854417,1790107.6389175446,2059406.5513747577
Toda la población,México,2019,Todas las edades,Ambos,Enfermedad renal crónica,DALYs,1941052.6779159694,1812014.6559456051,2086907.7683129876
Toda la población,México,2020,Todas las edades,Ambos,Enfermedad renal crónica,DALYs,1993480.3429565714,1869200.3067197693,2145882.909012215
Toda la población,México,2021,Todas las edades,Ambos,Enfermedad renal crónica,DALYs,2028264.58589256,1905020.0429150206,2176594.159473654
Toda la población,México,2022,Todas las edades,Ambos,Enfermedad renal crónica,DALYs,1893005.2583444915,1768010.3561950396,2038080.597678767
Toda la población,México,2023,Todas las edades,Ambos,Enfermedad renal crónica,DALYs,1916204.03310912,1764572.398289977,2074107.966610514
Toda la población,Brasil,1990,Todas las edades,Ambos,Enfermedad renal crónica,DALYs,570100.4167436439,516300.30793058814,619238.3618683188
Toda la población,Brasil,1991,Todas las edades,Ambos,Enfermedad renal crónica,DALYs,563595.6708496773,510183.1561988676,615726.6697469559
Toda la población,Brasil,1992,Todas las edades,Ambos,Enfermedad renal crónica,DALYs,583476.4031233268,530000.548480687,637849.0036101493
Toda la población,Brasil,1993,Todas las edades,Ambos,Enfermedad renal crónica,DALYs,610969.5545060164,554720.5459736746,667662.5384981057
Toda la población,Brasil,1994,Todas las edades,Ambos,Enfermedad renal crónica,DALYs,624399.3588376838,569013.8380681814,680676.1592375769
Toda la población,Brasil,1995,Todas las edades,Ambos,Enfermedad renal crónica,DALYs,637529.6058001762,579167.9175964446,696554.6327380808
Toda la población,Brasil,1996,Todas las edades,Ambos,Enfermedad renal crónica,DALYs,691231.1954866436,628629.7504152345,755321.7142191085
Toda la población,Brasil,1997,Todas las edades,Ambos,Enfermedad renal crónica,DALYs,727837.0173143293,661888.7403820499,791628.7706069688
Toda la población,Brasil,1998,Todas las edades,Ambos,Enfermedad renal crónica,DALYs,765258.1902312856,694657.3016377718,836186.6233710829
Toda la población,Brasil,1999,Todas las edades,Ambos,Enfermedad renal crónica,DALYs,799188.1816059408,724614.1219837794,874215.4101658606
Toda la población,Brasil,2000,Todas las edades,Ambos,Enfermedad renal crónica,DALYs,826852.9537847015,748155.6896427721,905294.5385650571
Toda la población,Brasil,2001,Todas las edades,Ambos,Enfermedad renal crónica,DALYs,844800.2238852591,759501.9450057965,927386.9882368332
Toda la población,Brasil,2002,Todas las edades,Ambos,Enfermedad renal crónica,DALYs,857559.9664626551,770090.5624745418,940346.3763311182
Toda la población,Brasil,2003,Todas las edades,Ambos,Enfermedad renal crónica,DALYs,876003.5838081266,787262.1618807791,959364.9954978777
Toda la población,Brasil,2004,Todas las edades,Ambos,Enfermedad renal crónica,DALYs,890781.8589249686,804097.013915093,976209.7004167954
Toda la población,Brasil,2005,Todas las edades,Ambos,Enfermedad renal crónica,DALYs,881340.6829815032,797094.8430736805,965021.4688612784
Toda la población,Brasil,2006,Todas las edades,Ambos,Enfermedad renal crónica,DALYs,883083.4781896526,798340.6973705833,967130.666111867
Toda la población,Brasil,2007,Todas las edades,Ambos,Enfermedad renal crónica,DALYs,903484.5799093323,819699.074446749,985690.2587991727
Toda la población,Brasil,2008,Todas las edades,Ambos,Enfermedad renal crónica,DALYs,930741.6554403873,845217.9423684449,1014094.013443878
Toda la población,Brasil,2009,Todas las edades,Ambos,Enfermedad renal crónica,DALYs,964434.1762535976,873531.7246408269,1053243.8253631454
Toda la población,Brasil,2010,Todas las edades,Ambos,Enfermedad renal crónica,DALYs,1004433.0729397754,914336.7242544723,1089355.6888512739
Toda la población,Brasil,2011,Todas las edades,Ambos,Enfermedad renal crónica,DALYs,1036234.644285287,941365.2252415003,1122840.1831967442
Toda la población,Brasil,2012,Todas las edades,Ambos,Enfermedad renal crónica,DALYs,1035209.7519450426,935730.9297112459,1122997.201553229
Toda la población,Brasil,2013,Todas las edades,Ambos,Enfermedad renal crónica,DALYs,1059817.0052174646,958847.4078042111,1140928.9810542676
Toda la población,Brasil,2014,Todas las edades,Ambos,Enfermedad renal crónica,DALYs,1076715.4518856585,973486.3022299219,1161848.6224181429
Toda la población,Brasil,2015,Todas las edades,Ambos,Enfermedad renal crónica,DALYs,1121526.4120261644,1014750.6015261846,1217042.6772889877
Toda la población,Brasil,2016,Todas las edades,Ambos,Enfermedad renal crónica,DALYs,1169593.4108406715,1061470.1371532914,1269522.464821963
Toda la población,Brasil,2017,Todas las edades,Ambos,Enfermedad renal crónica,DALYs,1195827.7241361924,1081299.249290529,1297644.2257609556
Toda la población,Brasil,2018,Todas las edades,Ambos,Enfermedad renal crónica,DALYs,1222389.2066799824,1106288.9676760854,1324464.8974921573
Toda la población,Brasil,2019,Todas las edades,Ambos,Enfermedad renal crónica,DALYs,1259715.8603183886,1140220.4148641916,1365993.145532888
Toda la población,Brasil,2020,Todas las edades,Ambos,Enfermedad renal crónica,DALYs,1289539.0365636023,1171863.4946637205,1399473.7625324707
Toda la población,Brasil,2021,Todas las edades,Ambos,Enfermedad renal crónica,DALYs,1329853.7609914157,1204299.6338366256,1440369.4449465175
Toda la población,Brasil,2022,Todas las edades,Ambos,Enfermedad renal crónica,DALYs,1373717.6327319425,1247117.842108381,1494177.4281304278
Toda la población,Brasil,2023,Todas las edades,Ambos,Enfermedad renal crónica,DALYs,1379151.8692361135,1246325.7633115808,1495475.411431109
Toda la población,Bolivia,1990,Todas las edades,Ambos,Enfermedad renal crónica,DALYs,44214.99220500835,31067.356522446356,56425.4150024586
Toda la población,Bolivia,1991,Todas las edades,Ambos,Enfermedad renal crónica,DALYs,46312.76497181367,32923.60302718273,59006.967372576735
Toda la población,Bolivia,1992,Todas las edades,Ambos,Enfermedad renal crónica,DALYs,48436.71658241757,34342.58751497914,62025.025987399895
Toda la población,Bolivia,1993,Todas las edades,Ambos,Enfermedad renal crónica,DALYs,50483.50579986963,35807.06030332798,64248.640026408844
Toda la población,Bolivia,1994,Todas las edades,Ambos,Enfermedad renal crónica,DALYs,52595.47689527936,38631.6739766893,66738.16276817425
Toda la población,Bolivia,1995,Todas las edades,Ambos,Enfermedad renal crónica,DALYs,54966.97711350317,40293.25659660987,69277.24981863654
Toda la población,Bolivia,1996,Todas las edades,Ambos,Enfermedad renal crónica,DALYs,57757.27023025863,42467.50466338048,72031.43024435168
Toda la población,Bolivia,1997,Todas las edades,Ambos,Enfermedad renal crónica,DALYs,60082.9281363351,44099.625219540874,75208.92407179347
Toda la población,Bolivia,1998,Todas las edades,Ambos,Enfermedad renal crónica,DALYs,63080.68083103998,46350.73361193127,79405.09160939156
Toda la población,Bolivia,1999,Todas las edades,Ambos,Enfermedad renal crónica,DALYs,66254.51906547748,48539.79389172388,84328.13626040802
Toda la población,Bolivia,2000,Todas las edades,Ambos,Enfermedad renal crónica,DALYs,69665.57288554491,51555.05610238057,89726.03400491542
Toda la población,Bolivia,2001,Todas las edades,Ambos,Enfermedad renal crónica,DALYs,73615.88788940561,54436.78228210346,94970.83874896917
Toda la población,Bolivia,2002,Todas las edades,Ambos,Enfermedad renal crónica,DALYs,77249.6391539753,58824.825068119186,99312.28631393934
Toda la población,Bolivia,2003,Todas las edades,Ambos,Enfermedad renal crónica,DALYs,80586.13695227116,61764.46285562588,103259.42919593408
Toda la población,Bolivia,2004,Todas las edades,Ambos,Enfermedad renal crónica,DALYs,84139.9845874179,65709.2379779573,109176.9807535511
Toda la población,Bolivia,2005,Todas las edades,Ambos,Enfermedad renal crónica,DALYs,87166.32828623593,67124.42362174249,113348.45679596916
Toda la población,Bolivia,2006,Todas las edades,Ambos,Enfermedad renal crónica,DALYs,90657.02255719615,70136.29304815305,118134.73680761465
Toda la población,Bolivia,2007,Todas las edades,Ambos,Enfermedad renal crónica,DALYs,93771.23834260037,73070.1576218686,120708.80267764177
Toda la población,Bolivia,2008,Todas las edades,Ambos,Enfermedad renal crónica,DALYs,97391.78196653725,76116.54722375258,124799.94724772123
Toda la población,Bolivia,2009,Todas las edades,Ambos,Enfermedad renal crónica,DALYs,100958.060326365,79458.17292567226,128206.92730801759
Toda la población,Bolivia,2010,Todas las edades,Ambos,Enfermedad renal crónica,DALYs,104727.163483999,81171.90401161196,137290.94552651554
Toda la población,Bolivia,2011,Todas las edades,Ambos,Enfermedad renal crónica,DALYs,108972.36593422681,83995.5635292544,142656.0973192887
Toda la población,Bolivia,2012,Todas las edades,Ambos,Enfermedad renal crónica,DALYs,112864.70069855264,85634.79466582932,148174.68883840638
Toda la población,Bolivia,2013,Todas las edades,Ambos,Enfermedad renal crónica,DALYs,117150.23113501396,87537.6678531731,153234.38105855297
Toda la población,Bolivia,2014,Todas las edades,Ambos,Enfermedad renal crónica,DALYs,120510.63299743751,91148.72656409268,157679.62811255874
Toda la población,Bolivia,2015,Todas las edades,Ambos,Enfermedad renal crónica,DALYs,124498.27075346364,96263.62478385754,162340.18615249364
Toda la población,Bolivia,2016,Todas las edades,Ambos,Enfermedad renal crónica,DALYs,128547.98621771857,101010.73627573959,164411.13817795904
Toda la población,Bolivia,2017,Todas las edades,Ambos,Enfermedad renal crónica,DALYs,132202.77175235137,103878.47528269388,168198.20910076762
Toda la población,Bolivia,2018,Todas las edades,Ambos,Enfermedad renal crónica,DALYs,137456.042527644,107495.34320192877,174323.95171731387
Toda la población,Bolivia,2019,Todas las edades,Ambos,Enfermedad renal crónica,DALYs,141378.63312658822,109406.93104139184,179856.25003623503
Toda la población,Bolivia,2020,Todas las edades,Ambos,Enfermedad renal crónica,DALYs,172287.5369600676,134366.99337777775,225197.6689301801
Toda la población,Bolivia,2021,Todas las edades,Ambos,Enfermedad renal crónica,DALYs,160752.6212188069,124837.8707134691,207101.3526799798
Toda la población,Bolivia,2022,Todas las edades,Ambos,Enfermedad renal crónica,DALYs,143582.0545673144,113379.58302823125,181092.89214250495
Toda la población,Bolivia,2023,Todas las edades,Ambos,Enfermedad renal crónica,DALYs,146719.6018644984,117694.9874996379,183350.06301310658
Toda la población,Ecuador,1990,Todas las edades,Ambos,Enfermedad renal crónica,DALYs,44425.85480957162,42163.335960579425,46796.78022328211
Toda la población,Ecuador,1991,Todas las edades,Ambos,Enfermedad renal crónica,DALYs,48806.785688972304,46548.06588904913,51536.11408466232
Toda la población,Ecuador,1992,Todas las edades,Ambos,Enfermedad renal crónica,DALYs,51036.679795331496,48615.278256286016,53872.02014415605
Toda la población,Ecuador,1993,Todas las edades,Ambos,Enfermedad renal crónica,DALYs,54265.74619966722,51562.8364775188,57023.105525044986
Toda la población,Ecuador,1994,Todas las edades,Ambos,Enfermedad renal crónica,DALYs,64978.946322537515,61959.98439847709,67853.27520497316
Toda la población,Ecuador,1995,Todas las edades,Ambos,Enfermedad renal crónica,DALYs,70752.51834842513,67842.3678187896,74326.87083391988
Toda la población,Ecuador,1996,Todas las edades,Ambos,Enfermedad renal crónica,DALYs,78094.62074151656,74585.2154024421,82049.5009908312
Toda la población,Ecuador,1997,Todas las edades,Ambos,Enfermedad renal crónica,DALYs,84833.67925872412,80837.71294141759,88821.86692449795
Toda la población,Ecuador,1998,Todas las edades,Ambos,Enfermedad renal crónica,DALYs,93868.44560870412,89462.5409066708,97911.28195756597
Toda la población,Ecuador,1999,Todas las edades,Ambos,Enfermedad renal crónica,DALYs,104373.48669623601,100013.94501235375,108423.1861323372
Toda la población,Ecuador,2000,Todas las edades,Ambos,Enfermedad renal crónica,DALYs,118676.15709884107,114107.0422543995,123673.01635576868
Toda la población,Ecuador,2001,Todas las edades,Ambos,Enfermedad renal crónica,DALYs,128312.12269213286,123364.32988563503,133481.07453716444
Toda la población,Ecuador,2002,Todas las edades,Ambos,Enfermedad renal crónica,DALYs,134334.3611229598,128705.83277421739,139983.07883466384
Toda la población,Ecuador,2003,Todas las edades,Ambos,Enfermedad renal crónica,DALYs,138277.43568623118,132447.5908606026,144319.44961085715
Toda la población,Ecuador,2004,Todas las edades,Ambos,Enfermedad renal crónica,DALYs,136849.3895700211,131607.7366618962,143075.60230865213
Toda la población,Ecuador,2005,Todas las edades,Ambos,Enfermedad renal crónica,DALYs,144896.15507589243,138823.08488752838,151267.8988966502
Toda la población,Ecuador,2006,Todas las edades,Ambos,Enfermedad renal crónica,DALYs,149896.36114205557,143690.81258219335,157186.34779255962
Toda la población,Ecuador,2007,Todas las edades,Ambos,Enfermedad renal crónica,DALYs,153533.2028694123,146770.03104843246,160788.90001772591
Toda la población,Ecuador,2008,Todas las edades,Ambos,Enfermedad renal crónica,DALYs,155399.1118973942,148771.3846519372,162973.4655880284
Toda la población,Ecuador,2009,Todas las edades,Ambos,Enfermedad renal crónica,DALYs,153962.13246820663,146710.39395033254,161748.17403622903
Toda la población,Ecuador,2010,Todas las edades,Ambos,Enfermedad renal crónica,DALYs,147311.3970717124,140333.56546612305,154991.26691076893
Toda la población,Ecuador,2011,Todas las edades,Ambos,Enfermedad renal crónica,DALYs,146807.8037022428,140313.68830424576,154630.93582355184
Toda la población,Ecuador,2012,Todas las edades,Ambos,Enfermedad renal crónica,DALYs,147736.23810706273,141470.9268785232,155253.34388694796
Toda la población,Ecuador,2013,Todas las edades,Ambos,Enfermedad renal crónica,DALYs,143066.6960909359,136984.99515823554,150200.82637062442
Toda la población,Ecuador,2014,Todas las edades,Ambos,Enfermedad renal crónica,DALYs,133959.1063239135,127348.41239980921,141640.06567675876
Toda la población,Ecuador,2015,Todas las edades,Ambos,Enfermedad renal crónica,DALYs,130092.90356941693,123081.53073691012,137887.19541009195
Toda la población,Ecuador,2016,Todas las edades,Ambos,Enfermedad renal crónica,DALYs,127374.05734572175,120307.13469379833,134582.33858167627
Toda la población,Ecuador,2017,Todas las edades,Ambos,Enfermedad renal crónica,DALYs,125875.02000021076,119094.39336079257,133461.31638708123
Toda la población,Ecuador,2018,Todas las edades,Ambos,Enfermedad renal crónica,DALYs,122181.97349313233,115448.41341142099,129441.31052842637
Toda la población,Ecuador,2019,Todas las edades,Ambos,Enfermedad renal crónica,DALYs,124548.59032781003,117413.56679146424,132148.2889068977
Toda la población,Ecuador,2020,Todas las edades,Ambos,Enfermedad renal crónica,DALYs,122588.93748850546,116192.50052068797,129546.45814574564
Toda la población,Ecuador,2021,Todas las edades,Ambos,Enfermedad renal crónica,DALYs,123174.4779936214,117340.39488818662,130357.55976506857
Toda la población,Ecuador,2022,Todas las edades,Ambos,Enfermedad renal crónica,DALYs,126442.62437045776,119782.57716124157,134037.36664076845
Toda la población,Ecuador,2023,Todas las edades,Ambos,Enfermedad renal crónica,DALYs,138599.4959889727,130156.9668401784,147023.47605203287
Toda la población,Colombia,1990,Todas las edades,Ambos,Enfermedad renal crónica,DALYs,142302.38193488537,128000.26399200346,157500.01922337784
Toda la población,Colombia,1991,Todas las edades,Ambos,Enfermedad renal crónica,DALYs,144881.0125243783,129938.60440044584,159733.09725075762
Toda la población,Colombia,1992,Todas las edades,Ambos,Enfermedad renal crónica,DALYs,147216.62106819425,132569.21153131223,163398.90299069812
Toda la población,Colombia,1993,Todas las edades,Ambos,Enfermedad renal crónica,DALYs,147610.4975175438,131459.93671830252,163327.1279527907
Toda la población,Colombia,1994,Todas las edades,Ambos,Enfermedad renal crónica,DALYs,149259.1674385929,132628.03812399888,165464.98785113465
Toda la población,Colombia,1995,Todas las edades,Ambos,Enfermedad renal crónica,DALYs,154179.66834616213,137198.69450812662,170227.727181347
Toda la población,Colombia,1996,Todas las edades,Ambos,Enfermedad renal crónica,DALYs,161279.4521354845,143791.54802596327,178863.66711050834
Toda la población,Colombia,1997,Todas las edades,Ambos,Enfermedad renal crónica,DALYs,165273.50470963272,148610.34465462487,183871.59362374106
Toda la población,Colombia,1998,Todas las edades,Ambos,Enfermedad renal crónica,DALYs,168273.0394072854,150157.89109713014,186602.99728478293
Toda la población,Colombia,1999,Todas las edades,Ambos,Enfermedad renal crónica,DALYs,178428.13430559263,159957.745355061,198321.07069352907
Toda la población,Colombia,2000,Todas las edades,Ambos,Enfermedad renal crónica,DALYs,183322.85622139493,164087.34649613898,203697.87293659663
Toda la población,Colombia,2001,Todas las edades,Ambos,Enfermedad renal crónica,DALYs,185378.8009530586,165504.89890508263,207286.03489326325
Toda la población,Colombia,2002,Todas las edades,Ambos,Enfermedad renal crónica,DALYs,190422.39610607468,170529.93934486184,213204.5841135269
Toda la población,Colombia,2003,Todas las edades,Ambos,Enfermedad renal crónica,DALYs,200692.55357204893,179271.23707585596,224164.14662929688
Toda la población,Colombia,2004,Todas las edades,Ambos,Enfermedad renal crónica,DALYs,207261.5865175762,185863.47135608702,231417.03739604098
Toda la población,Colombia,2005,Todas las edades,Ambos,Enfermedad renal crónica,DALYs,207212.73540337227,184835.71011110357,233732.05901900912
Toda la población,Colombia,2006,Todas las edades,Ambos,Enfermedad renal crónica,DALYs,212104.17398609227,189305.5224501273,241547.92308961478
Toda la población,Colombia,2007,Todas las edades,Ambos,Enfermedad renal crónica,DALYs,216751.08751025467,192959.26074520184,245761.25406167522
Toda la población,Colombia,2008,Todas las edades,Ambos,Enfermedad renal crónica,DALYs,223554.00535056787,198242.61060246854,252516.90316233138
Toda la población,Colombia,2009,Todas las edades,Ambos,Enfermedad renal crónica,DALYs,225069.99854835134,199418.93483822345,254754.69001686035
Toda la población,Colombia,2010,Todas las edades,Ambos,Enfermedad renal crónica,DALYs,237067.58054004956,210994.8868367722,265431.4448406872
Toda la población,Colombia,2011,Todas las edades,Ambos,Enfermedad renal crónica,DALYs,242272.32760785118,215872.21536905022,273758.87596259516
Toda la población,Colombia,2012,Todas las edades,Ambos,Enfermedad renal crónica,DALYs,251691.295707931,223313.57244019757,282311.91223621974
Toda la población,Colombia,2013,Todas las edades,Ambos,Enfermedad renal crónica,DALYs,257349.20188786008,227309.06481264706,291767.4407535714
Toda la población,Colombia,2014,Todas las edades,Ambos,Enfermedad renal crónica,DALYs,265945.2413747556,235115.25923711355,299820.2382712028
Toda la población,Colombia,2015,Todas las edades,Ambos,Enfermedad renal crónica,DALYs,279585.81438093574,246130.69542125083,313143.01072280935
Toda la población,Colombia,2016,Todas las edades,Ambos,Enfermedad renal crónica,DALYs,282779.607412921,249315.13701968396,319431.469314077
Toda la población,Colombia,2017,Todas las edades,Ambos,Enfermedad renal crónica,DALYs,288529.40355290024,253633.79261401895,324775.5373231444
Toda la población,Colombia,2018,Todas las edades,Ambos,Enfermedad renal crónica,DALYs,289067.3945549405,252744.7613806196,325811.7361280313
Toda la población,Colombia,2019,Todas las edades,Ambos,Enfermedad renal crónica,DALYs,273629.8256160367,236776.18647055456,313717.96348169213
Toda la población,Colombia,2020,Todas las edades,Ambos,Enfermedad renal crónica,DALYs,267955.10298011074,230032.63021589298,307140.8410297736
Toda la población,Colombia,2021,Todas las edades,Ambos,Enfermedad renal crónica,DALYs,272076.0892583634,234231.3215198189,312027.3997458985
Toda la población,Colombia,2022,Todas las edades,Ambos,Enfermedad renal crónica,DALYs,273204.5261617795,232801.27309190924,315512.63122875785
Toda la población,Colombia,2023,Todas las edades,Ambos,Enfermedad renal crónica,DALYs,279002.837945926,240080.24225946353,322321.8834995147
Toda la población,Venezuela,1990,Todas las edades,Ambos,Enfermedad renal crónica,DALYs,74392.08439607064,66133.31058902362,83602.95904257188
Toda la población,Venezuela,1991,Todas las edades,Ambos,Enfermedad renal crónica,DALYs,78293.05466161255,69254.88114565972,87678.65347968909
Toda la población,Venezuela,1992,Todas las edades,Ambos,Enfermedad renal crónica,DALYs,82004.64299056458,72510.06913755213,92015.55515420638
Toda la población,Venezuela,1993,Todas las edades,Ambos,Enfermedad renal crónica,DALYs,85226.74637193466,75431.84051472445,95843.60507580319
Toda la población,Venezuela,1994,Todas las edades,Ambos,Enfermedad renal crónica,DALYs,88600.8862962162,78786.61740255052,99030.43008695752
Toda la población,Venezuela,1995,Todas las edades,Ambos,Enfermedad renal crónica,DALYs,103332.04902515952,93239.18333596675,114361.45551762261
Toda la población,Venezuela,1996,Todas las edades,Ambos,Enfermedad renal crónica,DALYs,120669.84067959068,110041.71107273831,133051.1283579575
Toda la población,Venezuela,1997,Todas las edades,Ambos,Enfermedad renal crónica,DALYs,129694.89254238085,118621.96863484214,142454.76686922833
Toda la población,Venezuela,1998,Todas las edades,Ambos,Enfermedad renal crónica,DALYs,132343.429276958,121773.61723087059,145771.4654951974
Toda la población,Venezuela,1999,Todas las edades,Ambos,Enfermedad renal crónica,DALYs,148094.4721218972,137548.2498612366,162364.6057994911
Toda la población,Venezuela,2000,Todas las edades,Ambos,Enfermedad renal crónica,DALYs,146278.16389421906,135278.06836945587,160434.53060657138
Toda la población,Venezuela,2001,Todas las edades,Ambos,Enfermedad renal crónica,DALYs,153238.75112192795,141174.1868447896,167112.85705431274
Toda la población,Venezuela,2002,Todas las edades,Ambos,Enfermedad renal crónica,DALYs,157761.078660622,145296.22502668,172081.82975607036
Toda la población,Venezuela,2003,Todas las edades,Ambos,Enfermedad renal crónica,DALYs,170285.58184048586,157695.02230728036,184438.66643407536
Toda la población,Venezuela,2004,Todas las edades,Ambos,Enfermedad renal crónica,DALYs,177358.11441451154,164484.61448558007,191496.75959658233
Toda la población,Venezuela,2005,Todas las edades,Ambos,Enfermedad renal crónica,DALYs,180685.72872426052,167927.31097130512,195528.37962459426
Toda la población,Venezuela,2006,Todas las edades,Ambos,Enfermedad renal crónica,DALYs,184866.0832241269,172229.93538087473,199874.3990794559
Toda la población,Venezuela,2007,Todas las edades,Ambos,Enfermedad renal crónica,DALYs,192428.89358422597,177685.90137048395,209056.8370834702
Toda la población,Venezuela,2008,Todas las edades,Ambos,Enfermedad renal crónica,DALYs,202754.48533903353,186427.22846558085,220284.4583083914
Toda la población,Venezuela,2009,Todas las edades,Ambos,Enfermedad renal crónica,DALYs,211306.22253717305,194729.21961249068,230492.1456009265
Toda la población,Venezuela,2010,Todas las edades,Ambos,Enfermedad renal crónica,DALYs,223959.94500690428,206487.024422254,243038.91216880368
Toda la población,Venezuela,2011,Todas las edades,Ambos,Enfermedad renal crónica,DALYs,229394.7646767109,211266.35249290615,249085.98646314564
Toda la población,Venezuela,2012,Todas las edades,Ambos,Enfermedad renal crónica,DALYs,237163.66323608646,217375.16866174253,256089.3071888457
Toda la población,Venezuela,2013,Todas las edades,Ambos,Enfermedad renal crónica,DALYs,253277.94408855424,233042.02788539254,274917.1972678564
Toda la población,Venezuela,2014,Todas las edades,Ambos,Enfermedad renal crónica,DALYs,275218.8124591335,254030.7307163959,296719.2500259324
Toda la población,Venezuela,2015,Todas las edades,Ambos,Enfermedad renal crónica,DALYs,288976.93594833155,267186.78079515544,311475.0404941247
Toda la población,Venezuela,2016,Todas las edades,Ambos,Enfermedad renal crónica,DALYs,302677.7497754257,280458.94663648785,326346.65212259983
Toda la población,Venezuela,2017,Todas las edades,Ambos,Enfermedad renal crónica,DALYs,322202.38325710996,297381.96746868885,348896.48392556544
Toda la población,Venezuela,2018,Todas las edades,Ambos,Enfermedad renal crónica,DALYs,352039.8077370069,321968.0014703857,384410.95822889265
Toda la población,Venezuela,2019,Todas las edades,Ambos,Enfermedad renal crónica,DALYs,389806.1912151579,352078.574414156,430236.3796834585
Toda la población,Venezuela,2020,Todas las edades,Ambos,Enfermedad renal crónica,DALYs,408100.96768935723,363075.6761912968,460865.01791894395
Toda la población,Venezuela,2021,Todas las edades,Ambos,Enfermedad renal crónica,DALYs,428854.537973698,371611.02537420456,489395.600538815
Toda la población,Venezuela,2022,Todas las edades,Ambos,Enfermedad renal crónica,DALYs,447779.55289632623,376590.9012715697,521079.9213531902
Toda la población,Venezuela,2023,Todas las edades,Ambos,Enfermedad renal crónica,DALYs,454535.6868922617,382328.9887477711,528740.7202823341
Toda la población,Paraguay,1990,Todas las edades,Ambos,Enfermedad renal crónica,DALYs,13576.476356220903,11171.808223130163,16037.332547306216
Toda la población,Paraguay,1991,Todas las edades,Ambos,Enfermedad renal crónica,DALYs,14224.6587195185,11665.216243618464,16843.94766643046
Toda la población,Paraguay,1992,Todas las edades,Ambos,Enfermedad renal crónica,DALYs,14952.964445592474,12307.989176508525,17621.79240224538
Toda la población,Paraguay,1993,Todas las edades,Ambos,Enfermedad renal crónica,DALYs,15792.804431933344,13171.215464071776,18318.729188512272
Toda la población,Paraguay,1994,Todas las edades,Ambos,Enfermedad renal crónica,DALYs,16720.527624711773,14008.141630207996,19408.998682751386
Toda la población,Paraguay,1995,Todas las edades,Ambos,Enfermedad renal crónica,DALYs,17564.996020025643,14946.018951412916,20228.474842881646
Toda la población,Paraguay,1996,Todas las edades,Ambos,Enfermedad renal crónica,DALYs,18592.232869954667,15914.071299217558,21264.89000955588
Toda la población,Paraguay,1997,Todas las edades,Ambos,Enfermedad renal crónica,DALYs,19640.087167677575,17031.399376725938,22304.22767507674
Toda la población,Paraguay,1998,Todas las edades,Ambos,Enfermedad renal crónica,DALYs,20661.85696890248,17965.085478689092,23270.83626814561
Toda la población,Paraguay,1999,Todas las edades,Ambos,Enfermedad renal crónica,DALYs,21416.68321131608,18578.20635874668,23982.88211458954
Toda la población,Paraguay,2000,Todas las edades,Ambos,Enfermedad renal crónica,DALYs,22212.20152208974,19157.942366657775,24606.46094598298
Toda la población,Paraguay,2001,Todas las edades,Ambos,Enfermedad renal crónica,DALYs,23001.418276836273,20024.379252398943,25478.674594067117
Toda la población,Paraguay,2002,Todas las edades,Ambos,Enfermedad renal crónica,DALYs,23662.78918122707,20720.358949867707,26364.96259262175
Toda la población,Paraguay,2003,Todas las edades,Ambos,Enfermedad renal crónica,DALYs,24171.45354708313,21239.365388676903,26928.498086449028
Toda la población,Paraguay,2004,Todas las edades,Ambos,Enfermedad renal crónica,DALYs,24886.02342277807,21945.46668829112,27951.705011953294
Toda la población,Paraguay,2005,Todas las edades,Ambos,Enfermedad renal crónica,DALYs,25787.33664761336,22751.89525059674,29036.93684366097
Toda la población,Paraguay,2006,Todas las edades,Ambos,Enfermedad renal crónica,DALYs,26494.552238788103,23103.369497706622,29952.176699824424
Toda la población,Paraguay,2007,Todas las edades,Ambos,Enfermedad renal crónica,DALYs,27475.262006935394,23937.87973677148,31391.06274668831
Toda la población,Paraguay,2008,Todas las edades,Ambos,Enfermedad renal crónica,DALYs,28158.401836186036,24576.245478189176,31969.613633606103
Toda la población,Paraguay,2009,Todas las edades,Ambos,Enfermedad renal crónica,DALYs,29035.801825496463,25652.099387623028,32718.17945856461
Toda la población,Paraguay,2010,Todas las edades,Ambos,Enfermedad renal crónica,DALYs,30361.490148925946,26773.209968651212,34298.37184755211
Toda la población,Paraguay,2011,Todas las edades,Ambos,Enfermedad renal crónica,DALYs,31458.838226894502,27300.685340170487,35510.270593994195
Toda la población,Paraguay,2012,Todas las edades,Ambos,Enfermedad renal crónica,DALYs,32667.893664733663,28150.169095861384,36754.83473076733
Toda la población,Paraguay,2013,Todas las edades,Ambos,Enfermedad renal crónica,DALYs,33648.116909474506,28378.166564106767,38125.697151854416
Toda la población,Paraguay,2014,Todas las edades,Ambos,Enfermedad renal crónica,DALYs,35152.06768086705,29376.884417961577,39969.187576052405
Toda la población,Paraguay,2015,Todas las edades,Ambos,Enfermedad renal crónica,DALYs,36677.42953892546,30307.429873086156,41997.96110918789
Toda la población,Paraguay,2016,Todas las edades,Ambos,Enfermedad renal crónica,DALYs,38327.641832484434,31346.06668205863,43978.76249146317
Toda la población,Paraguay,2017,Todas las edades,Ambos,Enfermedad renal crónica,DALYs,40372.81674249894,32380.755845138592,46256.90065241378
Toda la población,Paraguay,2018,Todas las edades,Ambos,Enfermedad renal crónica,DALYs,42642.9126089704,33618.98644638986,49035.2052462597
Toda la población,Paraguay,2019,Todas las edades,Ambos,Enfermedad renal crónica,DALYs,44931.902757722666,35067.44342643218,51930.09802777984
Toda la población,Paraguay,2020,Todas las edades,Ambos,Enfermedad renal crónica,DALYs,46590.53984357177,35862.020565780505,54426.06995429878
Toda la población,Paraguay,2021,Todas las edades,Ambos,Enfermedad renal crónica,DALYs,48206.39808592702,36284.2426230466,57376.34596195334
Toda la población,Paraguay,2022,Todas las edades,Ambos,Enfermedad renal crónica,DALYs,43548.24728159354,33948.00929585263,51698.871282409964
Toda la población,Paraguay,2023,Todas las edades,Ambos,Enfermedad renal crónica,DALYs,44788.061884440445,34357.87007437218,53716.02894853188
Toda la población,Guyana,1990,Todas las edades,Ambos,Enfermedad renal crónica,DALYs,4709.145281953648,4036.645080779293,5430.13737754852
Toda la población,Guyana,1991,Todas las edades,Ambos,Enfermedad renal crónica,DALYs,4594.263120903524,3954.302173224012,5288.417602357992
Toda la población,Guyana,1992,Todas las edades,Ambos,Enfermedad renal crónica,DALYs,4555.918155063413,3964.2460281096733,5237.48925881857
Toda la población,Guyana,1993,Todas las edades,Ambos,Enfermedad renal crónica,DALYs,4598.189716173834,4012.15997900503,5240.757999953365
Toda la población,Guyana,1994,Todas las edades,Ambos,Enfermedad renal crónica,DALYs,4377.670074614802,3806.756261202532,4973.570205147796
Toda la población,Guyana,1995,Todas las edades,Ambos,Enfermedad renal crónica,DALYs,4425.104297630583,3838.4091519735593,5016.421821898613
Toda la población,Guyana,1996,Todas las edades,Ambos,Enfermedad renal crónica,DALYs,4604.817782580055,4046.449800195195,5220.02560236207
Toda la población,Guyana,1997,Todas las edades,Ambos,Enfermedad renal crónica,DALYs,4650.247488469534,4080.828136787816,5252.082587165258
Toda la población,Guyana,1998,Todas las edades,Ambos,Enfermedad renal crónica,DALYs,4654.925802586059,4074.2165302794215,5220.754452191575
Toda la población,Guyana,1999,Todas las edades,Ambos,Enfermedad renal crónica,DALYs,5103.342426633901,4506.210496177619,5790.291322128754
Toda la población,Guyana,2000,Todas las edades,Ambos,Enfermedad renal crónica,DALYs,6043.793743156377,5379.851763190863,6837.556129465749
Toda la población,Guyana,2001,Todas las edades,Ambos,Enfermedad renal crónica,DALYs,6352.471024615919,5671.833526851722,7198.226033242436
Toda la población,Guyana,2002,Todas las edades,Ambos,Enfermedad renal crónica,DALYs,6338.491171410339,5665.646467265053,7110.099201611393
Toda la población,Guyana,2003,Todas las edades,Ambos,Enfermedad renal crónica,DALYs,6302.827770186942,5611.93277213731,7092.340838752858
Toda la población,Guyana,2004,Todas las edades,Ambos,Enfermedad renal crónica,DALYs,6438.629320113549,5754.087877119525,7234.570445197586
Toda la población,Guyana,2005,Todas las edades,Ambos,Enfermedad renal crónica,DALYs,6667.647304141166,5977.891973016999,7438.151575754777
Toda la población,Guyana,2006,Todas las edades,Ambos,Enfermedad renal crónica,DALYs,7029.764046692218,6286.610411555183,7813.036887868406
Toda la población,Guyana,2007,Todas las edades,Ambos,Enfermedad renal crónica,DALYs,7208.67846013729,6433.757148715715,8044.765241660576
Toda la población,Guyana,2008,Todas las edades,Ambos,Enfermedad renal crónica,DALYs,7403.13193035305,6634.211854216227,8232.557751193932
Toda la población,Guyana,2009,Todas las edades,Ambos,Enfermedad renal crónica,DALYs,7772.658235476336,6989.6416343206965,8731.428973003205
Toda la población,Guyana,2010,Todas las edades,Ambos,Enfermedad renal crónica,DALYs,8427.901260694192,7554.487778112194,9450.339435166396
Toda la población,Guyana,2011,Todas las edades,Ambos,Enfermedad renal crónica,DALYs,9363.869892735916,8333.647655961817,10358.271458620358
Toda la población,Guyana,2012,Todas las edades,Ambos,Enfermedad renal crónica,DALYs,10145.08164350082,8872.02603097756,11228.309554420082
Toda la población,Guyana,2013,Todas las edades,Ambos,Enfermedad renal crónica,DALYs,10228.402415369043,9078.369042947936,11366.276924865535
Toda la población,Guyana,2014,Todas las edades,Ambos,Enfermedad renal crónica,DALYs,10511.142902902637,9395.125147318613,11715.50812323706
Toda la población,Guyana,2015,Todas las edades,Ambos,Enfermedad renal crónica,DALYs,10503.533547717536,9375.046807350021,11513.557835224814
Toda la población,Guyana,2016,Todas las edades,Ambos,Enfermedad renal crónica,DALYs,10880.743145307553,9805.07314446041,11915.20821494827
Toda la población,Guyana,2017,Todas las edades,Ambos,Enfermedad renal crónica,DALYs,10903.68402563789,9812.335639975005,12008.29154936637
Toda la población,Guyana,2018,Todas las edades,Ambos,Enfermedad renal crónica,DALYs,11013.145283373586,9969.018148956591,12067.007262322548
Toda la población,Guyana,2019,Todas las edades,Ambos,Enfermedad renal crónica,DALYs,11367.813710719565,10173.241504401578,12402.495652131383
Toda la población,Guyana,2020,Todas las edades,Ambos,Enfermedad renal crónica,DALYs,13066.92902797305,11784.355776635111,14368.472239731995
Toda la población,Guyana,2021,Todas las edades,Ambos,Enfermedad renal crónica,DALYs,13815.935473297288,12405.107959252386,15327.743944750184
Toda la población,Guyana,2022,Todas las edades,Ambos,Enfermedad renal crónica,DALYs,13996.205504106301,12282.600770635196,15624.957968365248
Toda la población,Guyana,2023,Todas las edades,Ambos,Enfermedad renal crónica,DALYs,16087.613025235309,13915.331882958519,17963.78197772231
Toda la población,Chile,1990,Todas las edades,Ambos,Enfermedad renal crónica,DALYs,40753.434090559575,37420.86664851783,43800.77393550708
Toda la población,Chile,1991,Todas las edades,Ambos,Enfermedad renal crónica,DALYs,41098.98370597553,37684.862565374315,44065.749269358064
Toda la población,Chile,1992,Todas las edades,Ambos,Enfermedad renal crónica,DALYs,42641.793159271794,38957.45720714949,45635.211263746976
Toda la población,Chile,1993,Todas las edades,Ambos,Enfermedad renal crónica,DALYs,42992.93709149919,39464.28800195722,45637.892903214575
Toda la población,Chile,1994,Todas las edades,Ambos,Enfermedad renal crónica,DALYs,42894.625264547765,39563.10804879537,45502.15134767378
Toda la población,Chile,1995,Todas las edades,Ambos,Enfermedad renal crónica,DALYs,43702.40730992874,40691.21814304877,46448.52761458994
Toda la población,Chile,1996,Todas las edades,Ambos,Enfermedad renal crónica,DALYs,46154.81665425771,42839.412014170826,48953.923467804096
Toda la población,Chile,1997,Todas las edades,Ambos,Enfermedad renal crónica,DALYs,53117.23675832768,49549.591130625406,56218.41621528358
Toda la población,Chile,1998,Todas las edades,Ambos,Enfermedad renal crónica,DALYs,58157.753517645186,54559.880419613044,61376.51773706255
Toda la población,Chile,1999,Todas las edades,Ambos,Enfermedad renal crónica,DALYs,60256.620425163135,56285.87244854431,63654.49349184513
Toda la población,Chile,2000,Todas las edades,Ambos,Enfermedad renal crónica,DALYs,60699.88871515721,56718.02476857108,64341.59269763327
Toda la población,Chile,2001,Todas las edades,Ambos,Enfermedad renal crónica,DALYs,65689.66727839217,61361.29856691261,69699.02779099878
Toda la población,Chile,2002,Todas las edades,Ambos,Enfermedad renal crónica,DALYs,65947.90220376075,61861.74239578986,70353.5388465782
Toda la población,Chile,2003,Todas las edades,Ambos,Enfermedad renal crónica,DALYs,69259.7676337929,64782.488823560394,73802.15357878784
Toda la población,Chile,2004,Todas las edades,Ambos,Enfermedad renal crónica,DALYs,73341.7706045496,69113.8341829079,77284.05098643486
Toda la población,Chile,2005,Todas las edades,Ambos,Enfermedad renal crónica,DALYs,75351.47729412555,71218.86905694944,79365.3282881482
Toda la población,Chile,2006,Todas las edades,Ambos,Enfermedad renal crónica,DALYs,76513.20490616986,72510.62724216554,80243.69777594994
Toda la población,Chile,2007,Todas las edades,Ambos,Enfermedad renal crónica,DALYs,80609.36928055086,76092.57264840096,85020.73104833046
Toda la población,Chile,2008,Todas las edades,Ambos,Enfermedad renal crónica,DALYs,78522.37263313385,74062.07238225642,82577.76425891962
Toda la población,Chile,2009,Todas las edades,Ambos,Enfermedad renal crónica,DALYs,82223.84318574907,77089.88504816867,86591.00607434406
Toda la población,Chile,2010,Todas las edades,Ambos,Enfermedad renal crónica,DALYs,88376.55796912595,82624.0243004647,93098.14277528378
Toda la población,Chile,2011,Todas las edades,Ambos,Enfermedad renal crónica,DALYs,83705.01197134811,77918.6192024555,88827.05536947085
Toda la población,Chile,2012,Todas las edades,Ambos,Enfermedad renal crónica,DALYs,87442.65741509269,81896.46909004802,92569.55511372675
Toda la población,Chile,2013,Todas las edades,Ambos,Enfermedad renal crónica,DALYs,91509.5824599407,85171.9101153961,96890.02739539693
Toda la población,Chile,2014,Todas las edades,Ambos,Enfermedad renal crónica,DALYs,95359.64837264919,88617.37139624837,100947.771281961
Toda la población,Chile,2015,Todas las edades,Ambos,Enfermedad renal crónica,DALYs,98110.38975323392,91467.51816197704,103610.40545579078
Toda la población,Chile,2016,Todas las edades,Ambos,Enfermedad renal crónica,DALYs,100442.45433904321,93157.39909965672,106285.75586984282
Toda la población,Chile,2017,Todas las edades,Ambos,Enfermedad renal crónica,DALYs,101462.87631455294,94208.09872274633,107295.3744054846
Toda la población,Chile,2018,Todas las edades,Ambos,Enfermedad renal crónica,DALYs,95480.84534973995,88724.23930396144,100819.27849862879
Toda la población,Chile,2019,Todas las edades,Ambos,Enfermedad renal crónica,DALYs,93812.56757607461,86814.41603014493,99378.17624051771
Toda la población,Chile,2020,Todas las edades,Ambos,Enfermedad renal crónica,DALYs,92330.57614099479,86145.60697434901,97383.48540790324
Toda la población,Chile,2021,Todas las edades,Ambos,Enfermedad renal crónica,DALYs,93834.47482641149,87570.9791305509,99345.91992863287
Toda la población,Chile,2022,Todas las edades,Ambos,Enfermedad renal crónica,DALYs,101337.21809917052,93466.99763726682,108488.01401866488
Toda la población,Chile,2023,Todas las edades,Ambos,Enfermedad renal crónica,DALYs,100633.52890651718,92283.40040837991,107141.8167772957
Toda la población,Costa Rica,1990,Todas las edades,Ambos,Enfermedad renal crónica,DALYs,11234.997578071287,9858.131111820763,12711.932908552139
Toda la población,Costa Rica,1991,Todas las edades,Ambos,Enfermedad renal crónica,DALYs,11255.884093246515,9890.233033698642,12823.533276026255
Toda la población,Costa Rica,1992,Todas las edades,Ambos,Enfermedad renal crónica,DALYs,11420.650902034868,10010.25722000029,13089.436348446565
Toda la población,Costa Rica,1993,Todas las edades,Ambos,Enfermedad renal crónica,DALYs,12102.487517821319,10647.968606294304,13855.317529561016
Toda la población,Costa Rica,1994,Todas las edades,Ambos,Enfermedad renal crónica,DALYs,12809.977326980044,11280.964832904927,14578.161529512483
Toda la población,Costa Rica,1995,Todas las edades,Ambos,Enfermedad renal crónica,DALYs,13443.419220233753,11857.190963858087,15227.66660927965
Toda la población,Costa Rica,1996,Todas las edades,Ambos,Enfermedad renal crónica,DALYs,14708.052295787287,13016.592877903218,16618.7171396195
Toda la población,Costa Rica,1997,Todas las edades,Ambos,Enfermedad renal crónica,DALYs,16870.77656649346,15045.65215355294,18796.82990917339
Toda la población,Costa Rica,1998,Todas las edades,Ambos,Enfermedad renal crónica,DALYs,18981.026124215612,17035.333954673755,20899.068030099173
Toda la población,Costa Rica,1999,Todas las edades,Ambos,Enfermedad renal crónica,DALYs,20361.4271646105,18388.04353593192,22328.761993097512
Toda la población,Costa Rica,2000,Todas las edades,Ambos,Enfermedad renal crónica,DALYs,21670.493854097997,19600.870152042877,23591.47635471032
Toda la población,Costa Rica,2001,Todas las edades,Ambos,Enfermedad renal crónica,DALYs,22698.924603664353,20599.827931503154,24732.469654333683
Toda la población,Costa Rica,2002,Todas las edades,Ambos,Enfermedad renal crónica,DALYs,23419.950577391835,21150.908995833255,25548.045189757424
Toda la población,Costa Rica,2003,Todas las edades,Ambos,Enfermedad renal crónica,DALYs,24868.68278099147,22710.388946441908,27112.120914029303
Toda la población,Costa Rica,2004,Todas las edades,Ambos,Enfermedad renal crónica,DALYs,26264.835665403873,24029.51889316324,28511.41609909057
Toda la población,Costa Rica,2005,Todas las edades,Ambos,Enfermedad renal crónica,DALYs,26851.213183951593,24523.73910604691,29138.579268432157
Toda la población,Costa Rica,2006,Todas las edades,Ambos,Enfermedad renal crónica,DALYs,27236.826097922793,24883.51357283292,29649.878332517583
Toda la población,Costa Rica,2007,Todas las edades,Ambos,Enfermedad renal crónica,DALYs,27794.89254679223,25222.122441070947,30424.97337101375
Toda la población,Costa Rica,2008,Todas las edades,Ambos,Enfermedad renal crónica,DALYs,29310.315192440892,26668.547091066972,32027.53361418251
Toda la población,Costa Rica,2009,Todas las edades,Ambos,Enfermedad renal crónica,DALYs,31112.707607503864,28236.64327642435,33858.74497952197
Toda la población,Costa Rica,2010,Todas las edades,Ambos,Enfermedad renal crónica,DALYs,32644.30414134522,29720.82415285024,35635.56311959997
Toda la población,Costa Rica,2011,Todas las edades,Ambos,Enfermedad renal crónica,DALYs,33394.98198997948,30379.804461280637,36401.53414736329
Toda la población,Costa Rica,2012,Todas las edades,Ambos,Enfermedad renal crónica,DALYs,34403.2945300394,31245.766556662147,37687.40576507532
Toda la población,Costa Rica,2013,Todas las edades,Ambos,Enfermedad renal crónica,DALYs,35024.26518515053,31734.112094798722,38301.6032267218
Toda la población,Costa Rica,2014,Todas las edades,Ambos,Enfermedad renal crónica,DALYs,36126.833209306555,32567.933591767534,39424.12249561435
Toda la población,Costa Rica,2015,Todas las edades,Ambos,Enfermedad renal crónica,DALYs,37489.64975476185,33946.936514455265,40991.76655326161
Toda la población,Costa Rica,2016,Todas las edades,Ambos,Enfermedad renal crónica,DALYs,39144.22165459168,35444.853316844325,42784.26470443209
Toda la población,Costa Rica,2017,Todas las edades,Ambos,Enfermedad renal crónica,DALYs,40889.08259157711,36971.41716385502,44761.955390817304
Toda la población,Costa Rica,2018,Todas las edades,Ambos,Enfermedad renal crónica,DALYs,42142.58806990614,37917.3513797052,46092.1825972867
Toda la población,Costa Rica,2019,Todas las edades,Ambos,Enfermedad renal crónica,DALYs,45754.667242994125,41148.792115424476,49677.30185058636
Toda la población,Costa Rica,2020,Todas las edades,Ambos,Enfermedad renal crónica,DALYs,47734.926981424986,42744.32192156908,51966.06306473127
Toda la población,Costa Rica,2021,Todas las edades,Ambos,Enfermedad renal crónica,DALYs,48482.819663916496,43514.051671699664,53061.029293464315
Toda la población,Costa Rica,2022,Todas las edades,Ambos,Enfermedad renal crónica,DALYs,52889.13984750233,47237.55072971895,58376.00220355327
Toda la población,Costa Rica,2023,Todas las edades,Ambos,Enfermedad renal crónica,DALYs,57711.87469631138,51380.6620467728,63280.55473524446
Toda la población,El Salvador,1990,Todas las edades,Ambos,Enfermedad renal crónica,DALYs,39012.16852388647,27696.130765863858,56765.588718103514
Toda la población,El Salvador,1991,Todas las edades,Ambos,Enfermedad renal crónica,DALYs,41437.66264963575,30520.041645837144,58801.88351651311
Toda la población,El Salvador,1992,Todas las edades,Ambos,Enfermedad renal crónica,DALYs,43440.61797439443,32940.46956702323,60299.58398712307
Toda la población,El Salvador,1993,Todas las edades,Ambos,Enfermedad renal crónica,DALYs,45548.82066025151,35088.272965498945,62096.338126788985
Toda la población,El Salvador,1994,Todas las edades,Ambos,Enfermedad renal crónica,DALYs,47511.29646148735,37470.776469306395,62453.50150027772
Toda la población,El Salvador,1995,Todas las edades,Ambos,Enfermedad renal crónica,DALYs,49362.863596651216,39504.43414980357,62442.865814258366
Toda la población,El Salvador,1996,Todas las edades,Ambos,Enfermedad renal crónica,DALYs,52044.198593906694,43243.191347544314,63495.77998721746
Toda la población,El Salvador,1997,Todas las edades,Ambos,Enfermedad renal crónica,DALYs,54987.20760939716,46954.83244915288,64542.34733565629
Toda la población,El Salvador,1998,Todas las edades,Ambos,Enfermedad renal crónica,DALYs,57394.9130953378,49298.277751977286,65674.61492255476
Toda la población,El Salvador,1999,Todas las edades,Ambos,Enfermedad renal crónica,DALYs,60722.65913997838,52149.96988637873,69026.21469244579
Toda la población,El Salvador,2000,Todas las edades,Ambos,Enfermedad renal crónica,DALYs,62616.800340927584,52472.74345692383,71824.67558897534
Toda la población,El Salvador,2001,Todas las edades,Ambos,Enfermedad renal crónica,DALYs,65045.74046040853,52281.22063949544,75404.32875521669
Toda la población,El Salvador,2002,Todas las edades,Ambos,Enfermedad renal crónica,DALYs,67827.03321269523,52794.04820785885,80403.44655825439
Toda la población,El Salvador,2003,Todas las edades,Ambos,Enfermedad renal crónica,DALYs,70682.71839461915,53583.051792843835,84858.0237485002
Toda la población,El Salvador,2004,Todas las edades,Ambos,Enfermedad renal crónica,DALYs,73869.98673209758,54791.58739856792,89506.12945205996
Toda la población,El Salvador,2005,Todas las edades,Ambos,Enfermedad renal crónica,DALYs,77318.23000820707,56263.32098766668,94195.84783517568
Toda la población,El Salvador,2006,Todas las edades,Ambos,Enfermedad renal crónica,DALYs,80437.04050138674,58460.92635967713,99667.96193629754
Toda la población,El Salvador,2007,Todas las edades,Ambos,Enfermedad renal crónica,DALYs,83891.74989401673,59992.24399546877,103947.79861929719
Toda la población,El Salvador,2008,Todas las edades,Ambos,Enfermedad renal crónica,DALYs,87340.82816223156,61642.59206446212,107649.07648954827
Toda la población,El Salvador,2009,Todas las edades,Ambos,Enfermedad renal crónica,DALYs,89026.70629906502,62058.73970887624,110808.17777703679
Toda la población,El Salvador,2010,Todas las edades,Ambos,Enfermedad renal crónica,DALYs,91753.00049687696,63362.263743306175,113831.12691594724
Toda la población,El Salvador,2011,Todas las edades,Ambos,Enfermedad renal crónica,DALYs,92048.49759325085,62504.14899651306,113672.04758138943
Toda la población,El Salvador,2012,Todas las edades,Ambos,Enfermedad renal crónica,DALYs,100747.49268118272,67872.15415877626,124782.59179802712
Toda la población,El Salvador,2013,Todas las edades,Ambos,Enfermedad renal crónica,DALYs,105321.60387783377,70010.78795865097,131341.02454766812
Toda la población,El Salvador,2014,Todas las edades,Ambos,Enfermedad renal crónica,DALYs,110899.89689523607,73425.3605753961,137732.40799567115
Toda la población,El Salvador,2015,Todas las edades,Ambos,Enfermedad renal crónica,DALYs,113942.68301210138,74951.15384987782,141246.62264429248
Toda la población,El Salvador,2016,Todas las edades,Ambos,Enfermedad renal crónica,DALYs,115130.2090542175,75750.70617565393,143085.96040016384
Toda la población,El Salvador,2017,Todas las edades,Ambos,Enfermedad renal crónica,DALYs,117646.94906848772,77847.19750185471,146202.02686852132
Toda la población,El Salvador,2018,Todas las edades,Ambos,Enfermedad renal crónica,DALYs,119076.46065070634,79755.16549697643,151046.90104201503
Toda la población,El Salvador,2019,Todas las edades,Ambos,Enfermedad renal crónica,DALYs,122058.72056432303,82156.73041145643,155902.35161584287
Toda la población,El Salvador,2020,Todas las edades,Ambos,Enfermedad renal crónica,DALYs,125983.45908228343,85065.32942906945,164525.76169229607
Toda la población,El Salvador,2021,Todas las edades,Ambos,Enfermedad renal crónica,DALYs,133172.8030675406,90133.07518477629,174612.9794805579
Toda la población,El Salvador,2022,Todas las edades,Ambos,Enfermedad renal crónica,DALYs,131162.2495672603,87925.20527416035,173976.80731710646
Toda la población,El Salvador,2023,Todas las edades,Ambos,Enfermedad renal crónica,DALYs,134105.46455300835,91277.22144379586,178273.60417538538
Toda la población,Nicaragua,1990,Todas las edades,Ambos,Enfermedad renal crónica,DALYs,28692.398985034353,21725.832597496166,38703.618635650884
Toda la población,Nicaragua,1991,Todas las edades,Ambos,Enfermedad renal crónica,DALYs,29152.498858431034,22342.79949361828,39331.761619927216
Toda la población,Nicaragua,1992,Todas las edades,Ambos,Enfermedad renal crónica,DALYs,30299.40151116612,23197.623431595708,40363.07954616272
Toda la población,Nicaragua,1993,Todas las edades,Ambos,Enfermedad renal crónica,DALYs,31796.99211089307,24877.018160884127,42340.9855583541
Toda la población,Nicaragua,1994,Todas las edades,Ambos,Enfermedad renal crónica,DALYs,33265.56810993845,26197.72555310873,43514.540850378246
Toda la población,Nicaragua,1995,Todas las edades,Ambos,Enfermedad renal crónica,DALYs,34741.322814006984,28158.182513925516,44556.35377745107
Toda la población,Nicaragua,1996,Todas las edades,Ambos,Enfermedad renal crónica,DALYs,36073.54687828347,29727.916961615836,45542.26698886992
Toda la población,Nicaragua,1997,Todas las edades,Ambos,Enfermedad renal crónica,DALYs,37898.33633113809,31746.906464650492,47181.37539125695
Toda la población,Nicaragua,1998,Todas las edades,Ambos,Enfermedad renal crónica,DALYs,41737.744777332045,35614.92971668774,50871.71197365138
Toda la población,Nicaragua,1999,Todas las edades,Ambos,Enfermedad renal crónica,DALYs,41047.73960789256,35598.74499386296,48814.55427894478
Toda la población,Nicaragua,2000,Todas las edades,Ambos,Enfermedad renal crónica,DALYs,43574.09582039187,38366.03497174855,50435.341423319755
Toda la población,Nicaragua,2001,Todas las edades,Ambos,Enfermedad renal crónica,DALYs,46603.62899913952,41192.52135385289,52680.00967164931
Toda la población,Nicaragua,2002,Todas las edades,Ambos,Enfermedad renal crónica,DALYs,50141.07305116002,44321.99766328804,55508.19691656796
Toda la población,Nicaragua,2003,Todas las edades,Ambos,Enfermedad renal crónica,DALYs,54011.95854379207,46281.64556349596,60410.79216143269
Toda la población,Nicaragua,2004,Todas las edades,Ambos,Enfermedad renal crónica,DALYs,57430.47638827968,47870.21497119975,64482.16668992173
Toda la población,Nicaragua,2005,Todas las edades,Ambos,Enfermedad renal crónica,DALYs,60352.88137674177,49701.12802095289,68549.1586291761
Toda la población,Nicaragua,2006,Todas las edades,Ambos,Enfermedad renal crónica,DALYs,63765.72617095444,52174.53991695683,73343.90315242998
Toda la población,Nicaragua,2007,Todas las edades,Ambos,Enfermedad renal crónica,DALYs,67012.13060946781,53468.28706887858,77283.5857215975
Toda la población,Nicaragua,2008,Todas las edades,Ambos,Enfermedad renal crónica,DALYs,70758.2800361307,55233.50746303119,81853.28400667218
Toda la población,Nicaragua,2009,Todas las edades,Ambos,Enfermedad renal crónica,DALYs,74536.29519613092,56824.537736362894,87259.45097016805
Toda la población,Nicaragua,2010,Todas las edades,Ambos,Enfermedad renal crónica,DALYs,78254.42602856192,59687.39850263325,92451.08843783646
Toda la población,Nicaragua,2011,Todas las edades,Ambos,Enfermedad renal crónica,DALYs,81716.71674766934,62237.80013096662,96689.67782833487
Toda la población,Nicaragua,2012,Todas las edades,Ambos,Enfermedad renal crónica,DALYs,85691.39523691009,64279.626948068675,101889.95426396145
Toda la población,Nicaragua,2013,Todas las edades,Ambos,Enfermedad renal crónica,DALYs,89356.31172629776,66300.62281389529,107158.9685195798
Toda la población,Nicaragua,2014,Todas las edades,Ambos,Enfermedad renal crónica,DALYs,93064.4916243382,69250.95808359238,111531.70900292037
Toda la población,Nicaragua,2015,Todas las edades,Ambos,Enfermedad renal crónica,DALYs,96878.9268798883,71956.77392347432,116753.62469604745
Toda la población,Nicaragua,2016,Todas las edades,Ambos,Enfermedad renal crónica,DALYs,99536.25597359477,73603.88138741761,120763.80770536285
Toda la población,Nicaragua,2017,Todas las edades,Ambos,Enfermedad renal crónica,DALYs,103510.85838417095,75564.17774017874,125289.4116758099
Toda la población,Nicaragua,2018,Todas las edades,Ambos,Enfermedad renal crónica,DALYs,109574.7247482396,80404.33530778374,131489.7905303916
Toda la población,Nicaragua,2019,Todas las edades,Ambos,Enfermedad renal crónica,DALYs,119288.14001651411,87945.98882628548,141955.89134315003
Toda la población,Nicaragua,2020,Todas las edades,Ambos,Enfermedad renal crónica,DALYs,119698.24156661353,86880.92233779718,141471.28579998115
Toda la población,Nicaragua,2021,Todas las edades,Ambos,Enfermedad renal crónica,DALYs,123492.71695148906,89975.70219992567,145194.45880407732
Toda la población,Nicaragua,2022,Todas las edades,Ambos,Enfermedad renal crónica,DALYs,118224.57372658084,86506.09360861086,138629.7988980125
Toda la población,Nicaragua,2023,Todas las edades,Ambos,Enfermedad renal crónica,DALYs,112683.59293982331,84087.78943776333,134346.06198991614
Toda la población,Guatemala,1990,Todas las edades,Ambos,Enfermedad renal crónica,DALYs,51675.95996045247,46715.52957095574,57337.1409902623
Toda la población,Guatemala,1991,Todas las edades,Ambos,Enfermedad renal crónica,DALYs,53477.534819934845,48297.22444130082,59264.23536534327
Toda la población,Guatemala,1992,Todas las edades,Ambos,Enfermedad renal crónica,DALYs,57134.05695984325,51468.131641718275,63374.22559719908
Toda la población,Guatemala,1993,Todas las edades,Ambos,Enfermedad renal crónica,DALYs,56729.422155485896,51209.40824129857,62270.68835190883
Toda la población,Guatemala,1994,Todas las edades,Ambos,Enfermedad renal crónica,DALYs,54314.72521757191,48848.40790477823,59612.81686409724
Toda la población,Guatemala,1995,Todas las edades,Ambos,Enfermedad renal crónica,DALYs,52794.042700143174,47189.70183858689,58078.963906929544
Toda la población,Guatemala,1996,Todas las edades,Ambos,Enfermedad renal crónica,DALYs,52768.280083734724,47397.07717786644,57947.88452104379
Toda la población,Guatemala,1997,Todas las edades,Ambos,Enfermedad renal crónica,DALYs,53223.71128656483,47475.45298516765,58487.93310824225
Toda la población,Guatemala,1998,Todas las edades,Ambos,Enfermedad renal crónica,DALYs,58146.03344695263,51988.13474496982,63828.44107901622
Toda la población,Guatemala,1999,Todas las edades,Ambos,Enfermedad renal crónica,DALYs,61872.29725626011,55468.383253444474,67476.87420601601
Toda la población,Guatemala,2000,Todas las edades,Ambos,Enfermedad renal crónica,DALYs,64494.2825483025,57939.476818074225,70542.15456039298
Toda la población,Guatemala,2001,Todas las edades,Ambos,Enfermedad renal crónica,DALYs,68618.56514209005,62067.83110747902,75067.14094700047
Toda la población,Guatemala,2002,Todas las edades,Ambos,Enfermedad renal crónica,DALYs,69195.64688501893,62835.25133970172,75853.89579317952
Toda la población,Guatemala,2003,Todas las edades,Ambos,Enfermedad renal crónica,DALYs,74788.41369738824,68079.80125653339,81932.06661479737
Toda la población,Guatemala,2004,Todas las edades,Ambos,Enfermedad renal crónica,DALYs,80406.10125910174,73179.23868849942,87824.66371401974
Toda la población,Guatemala,2005,Todas las edades,Ambos,Enfermedad renal crónica,DALYs,86959.57990804418,78638.6808605903,94751.78415608604
Toda la población,Guatemala,2006,Todas las edades,Ambos,Enfermedad renal crónica,DALYs,95102.49068090173,86780.54379755826,103882.64296733556
Toda la población,Guatemala,2007,Todas las edades,Ambos,Enfermedad renal crónica,DALYs,102128.07497047434,93448.97518532485,111811.43653336725
Toda la población,Guatemala,2008,Todas las edades,Ambos,Enfermedad renal crónica,DALYs,113891.24608825083,104341.14503799312,123467.65426492889
Toda la población,Guatemala,2009,Todas las edades,Ambos,Enfermedad renal crónica,DALYs,120900.7424321769,111337.42283415978,131581.84446544084
Toda la población,Guatemala,2010,Todas las edades,Ambos,Enfermedad renal crónica,DALYs,133890.0378245646,124176.56688322553,145044.1049285683
Toda la población,Guatemala,2011,Todas las edades,Ambos,Enfermedad renal crónica,DALYs,140990.65683236448,131168.83132308812,152752.83854849596
Toda la población,Guatemala,2012,Todas las edades,Ambos,Enfermedad renal crónica,DALYs,148604.93481970593,138311.80212119428,161060.5260755902
Toda la población,Guatemala,2013,Todas las edades,Ambos,Enfermedad renal crónica,DALYs,154451.3955611252,143669.22549948812,167606.5341083286
Toda la población,Guatemala,2014,Todas las edades,Ambos,Enfermedad renal crónica,DALYs,159547.17337929795,148170.20805157957,174829.79385588766
Toda la población,Guatemala,2015,Todas las edades,Ambos,Enfermedad renal crónica,DALYs,162920.62314506006,150132.3021001979,177110.57624588837
Toda la población,Guatemala,2016,Todas las edades,Ambos,Enfermedad renal crónica,DALYs,165988.27589197247,152995.53812241895,179732.6360639303
Toda la población,Guatemala,2017,Todas las edades,Ambos,Enfermedad renal crónica,DALYs,173553.86073778095,159532.06169555633,188432.62700418278
Toda la población,Guatemala,2018,Todas las edades,Ambos,Enfermedad renal crónica,DALYs,178456.84995213518,164654.411072872,192718.25223869743
Toda la población,Guatemala,2019,Todas las edades,Ambos,Enfermedad renal crónica,DALYs,187501.46494356907,172953.6997044459,202456.1518222781
Toda la población,Guatemala,2020,Todas las edades,Ambos,Enfermedad renal crónica,DALYs,196199.5728119271,181037.91671304236,213332.96592834665
Toda la población,Guatemala,2021,Todas las edades,Ambos,Enfermedad renal crónica,DALYs,200328.07890115003,185308.7487257236,218643.33745004825
Toda la población,Guatemala,2022,Todas las edades,Ambos,Enfermedad renal crónica,DALYs,201870.9445580031,185789.37651767128,219357.65260461255
Toda la población,Guatemala,2023,Todas las edades,Ambos,Enfermedad renal crónica,DALYs,204727.4985136439,182827.093399344,229604.15506241485
Toda la población,Cuba,1990,Todas las edades,Ambos,Enfermedad renal crónica,DALYs,44076.37654714212,37845.04619762829,51169.469090505634
Toda la población,Cuba,1991,Todas las edades,Ambos,Enfermedad renal crónica,DALYs,44764.25318625457,38822.297027018474,51516.68748343851
Toda la población,Cuba,1992,Todas las edades,Ambos,Enfermedad renal crónica,DALYs,45375.671892941005,39451.132109578466,52253.15610750911
Toda la población,Cuba,1993,Todas las edades,Ambos,Enfermedad renal crónica,DALYs,46625.53301600888,40499.382771216086,53745.274468161195
Toda la población,Cuba,1994,Todas las edades,Ambos,Enfermedad renal crónica,DALYs,47564.30450218144,41324.48966671306,54685.594612894136
Toda la población,Cuba,1995,Todas las edades,Ambos,Enfermedad renal crónica,DALYs,48075.97468391628,41596.659304388086,55424.927526991145
Toda la población,Cuba,1996,Todas las edades,Ambos,Enfermedad renal crónica,DALYs,49501.1997613738,42347.295729754595,57522.46091235562
Toda la población,Cuba,1997,Todas las edades,Ambos,Enfermedad renal crónica,DALYs,51518.86032651541,43762.630569636654,60151.751046233374
Toda la población,Cuba,1998,Todas las edades,Ambos,Enfermedad renal crónica,DALYs,53500.9409678309,45574.41361101864,62607.76450442935
Toda la población,Cuba,1999,Todas las edades,Ambos,Enfermedad renal crónica,DALYs,56008.97944824938,47754.053443900855,65596.53400241313
Toda la población,Cuba,2000,Todas las edades,Ambos,Enfermedad renal crónica,DALYs,60239.81715773616,51368.0847220637,69950.86995290752
Toda la población,Cuba,2001,Todas las edades,Ambos,Enfermedad renal crónica,DALYs,67866.9552925913,58555.76827247867,78298.40430004473
Toda la población,Cuba,2002,Todas las edades,Ambos,Enfermedad renal crónica,DALYs,69729.6728932907,59662.76699038687,80160.97953204876
Toda la población,Cuba,2003,Todas las edades,Ambos,Enfermedad renal crónica,DALYs,72647.43677142248,62770.73834358214,83415.74145856276
Toda la población,Cuba,2004,Todas las edades,Ambos,Enfermedad renal crónica,DALYs,73517.39819919538,64092.21066408959,83977.58672918187
Toda la población,Cuba,2005,Todas las edades,Ambos,Enfermedad renal crónica,DALYs,75229.77420999343,65710.25925909063,86742.2517197159
Toda la población,Cuba,2006,Todas las edades,Ambos,Enfermedad renal crónica,DALYs,76373.43259536795,67393.78382206074,87740.91178520725
Toda la población,Cuba,2007,Todas las edades,Ambos,Enfermedad renal crónica,DALYs,77278.69474352733,67737.10396882509,88844.86347931849
Toda la población,Cuba,2008,Todas las edades,Ambos,Enfermedad renal crónica,DALYs,79391.5322239223,69372.86541425498,91407.13269680516
Toda la población,Cuba,2009,Todas las edades,Ambos,Enfermedad renal crónica,DALYs,81452.56270880873,71304.67038125849,92577.19615173394
Toda la población,Cuba,2010,Todas las edades,Ambos,Enfermedad renal crónica,DALYs,84438.9989952858,74046.72345013378,96294.87154172156
Toda la población,Cuba,2011,Todas las edades,Ambos,Enfermedad renal crónica,DALYs,84065.60939739677,73335.06404282321,95952.87174820478
Toda la población,Cuba,2012,Todas las edades,Ambos,Enfermedad renal crónica,DALYs,86157.81317086935,75457.08074671263,98930.24793862333
Toda la población,Cuba,2013,Todas las edades,Ambos,Enfermedad renal crónica,DALYs,89355.6606962804,78540.75185968586,102537.62271845741
Toda la población,Cuba,2014,Todas las edades,Ambos,Enfermedad renal crónica,DALYs,91963.20217932083,80474.0227291771,105820.9381634183
Toda la población,Cuba,2015,Todas las edades,Ambos,Enfermedad renal crónica,DALYs,95060.11088546958,83063.21279014352,109564.18549886328
Toda la población,Cuba,2016,Todas las edades,Ambos,Enfermedad renal crónica,DALYs,97512.90585681496,85352.03708005325,111393.18986876195
Toda la población,Cuba,2017,Todas las edades,Ambos,Enfermedad renal crónica,DALYs,102035.21535104496,89307.85492725427,115903.17653423904
Toda la población,Cuba,2018,Todas las edades,Ambos,Enfermedad renal crónica,DALYs,105552.00599117523,91673.30658526062,119278.49933338784
Toda la población,Cuba,2019,Todas las edades,Ambos,Enfermedad renal crónica,DALYs,109418.66789106044,95244.31211403539,122757.9781462732
Toda la población,Cuba,2020,Todas las edades,Ambos,Enfermedad renal crónica,DALYs,115552.07681600566,101565.57931751876,128637.59529620885
Toda la población,Cuba,2021,Todas las edades,Ambos,Enfermedad renal crónica,DALYs,124793.2788690358,111634.02756217142,138703.9802369377
Toda la población,Cuba,2022,Todas las edades,Ambos,Enfermedad renal crónica,DALYs,106801.71035422052,93865.13102714604,120988.93474936929
Toda la población,Cuba,2023,Todas las edades,Ambos,Enfermedad renal crónica,DALYs,111784.28352522908,97197.8424744479,126057.13940113275
Toda la población,República Dominicana,1990,Todas las edades,Ambos,Enfermedad renal crónica,DALYs,35791.88032142922,28780.654209902932,45709.57022991155
Toda la población,República Dominicana,1991,Todas las edades,Ambos,Enfermedad renal crónica,DALYs,36111.437251082076,28936.429385653857,46058.286822092174
Toda la población,República Dominicana,1992,Todas las edades,Ambos,Enfermedad renal crónica,DALYs,36308.73658163257,28835.961135490663,46450.98981365256
Toda la población,República Dominicana,1993,Todas las edades,Ambos,Enfermedad renal crónica,DALYs,36330.63246803711,29114.026023518578,46451.82745006306
Toda la población,República Dominicana,1994,Todas las edades,Ambos,Enfermedad renal crónica,DALYs,36472.855908214355,28861.73330949904,46578.71782824116
Toda la población,República Dominicana,1995,Todas las edades,Ambos,Enfermedad renal crónica,DALYs,36797.85654219021,28843.25124576576,47228.76125747057
Toda la población,República Dominicana,1996,Todas las edades,Ambos,Enfermedad renal crónica,DALYs,37694.738837618264,29370.1634946926,47941.73862397057
Toda la población,República Dominicana,1997,Todas las edades,Ambos,Enfermedad renal crónica,DALYs,38485.28704706324,30153.830670492265,48415.3704386086
Toda la población,República Dominicana,1998,Todas las edades,Ambos,Enfermedad renal crónica,DALYs,39385.67982119504,31106.316680294374,48890.93488972938
Toda la población,República Dominicana,1999,Todas las edades,Ambos,Enfermedad renal crónica,DALYs,40846.33461162013,33011.13053254297,50191.91993059787
Toda la población,República Dominicana,2000,Todas las edades,Ambos,Enfermedad renal crónica,DALYs,42849.588292365544,35726.87043227249,51373.45674932812
Toda la población,República Dominicana,2001,Todas las edades,Ambos,Enfermedad renal crónica,DALYs,45458.899402549,39621.38330432435,53893.33065008071
Toda la población,República Dominicana,2002,Todas las edades,Ambos,Enfermedad renal crónica,DALYs,47777.87951058613,40800.9725953625,55488.37851683912
Toda la población,República Dominicana,2003,Todas las edades,Ambos,Enfermedad renal crónica,DALYs,49480.78677487454,42038.630781887245,57562.33748766087
Toda la población,República Dominicana,2004,Todas las edades,Ambos,Enfermedad renal crónica,DALYs,51315.98802097042,43277.72261456859,59777.05762988179
Toda la población,República Dominicana,2005,Todas las edades,Ambos,Enfermedad renal crónica,DALYs,53338.58928305574,44806.67216249437,62708.46390454573
Toda la población,República Dominicana,2006,Todas las edades,Ambos,Enfermedad renal crónica,DALYs,55593.50122015813,46446.68976005204,65079.84420459421
Toda la población,República Dominicana,2007,Todas las edades,Ambos,Enfermedad renal crónica,DALYs,57962.29818735503,48469.739194265014,67827.72818736624
Toda la población,República Dominicana,2008,Todas las edades,Ambos,Enfermedad renal crónica,DALYs,60319.53688039463,50386.82206831376,70496.62143831704
Toda la población,República Dominicana,2009,Todas las edades,Ambos,Enfermedad renal crónica,DALYs,62677.444176110155,52488.85232247538,73033.67108342882
Toda la población,República Dominicana,2010,Todas las edades,Ambos,Enfermedad renal crónica,DALYs,65192.95587470832,54865.79937170452,75290.91542742313
Toda la población,República Dominicana,2011,Todas las edades,Ambos,Enfermedad renal crónica,DALYs,68673.14556296183,58260.85789842962,78924.61337076852
Toda la población,República Dominicana,2012,Todas las edades,Ambos,Enfermedad renal crónica,DALYs,71811.89361827249,61081.68856898908,82349.52227608355
Toda la población,República Dominicana,2013,Todas las edades,Ambos,Enfermedad renal crónica,DALYs,74346.8625290314,63316.640121097116,84915.57274082271
Toda la población,República Dominicana,2014,Todas las edades,Ambos,Enfermedad renal crónica,DALYs,76497.63755261737,65276.93424717348,87432.64863173632
Toda la población,República Dominicana,2015,Todas las edades,Ambos,Enfermedad renal crónica,DALYs,80717.13689171385,68397.94510682746,92134.78861040532
Toda la población,República Dominicana,2016,Todas las edades,Ambos,Enfermedad renal crónica,DALYs,84596.18333042931,71158.02761128209,97057.29802641808
Toda la población,República Dominicana,2017,Todas las edades,Ambos,Enfermedad renal crónica,DALYs,88354.51039616014,73703.59319800817,101746.43978776224
Toda la población,República Dominicana,2018,Todas las edades,Ambos,Enfermedad renal crónica,DALYs,92426.23437686461,75933.29258580355,106660.25611687581
Toda la población,República Dominicana,2019,Todas las edades,Ambos,Enfermedad renal crónica,DALYs,96632.61116120822,79326.12489530166,111446.90279407035
Toda la población,República Dominicana,2020,Todas las edades,Ambos,Enfermedad renal crónica,DALYs,103927.49079805442,84926.98632796353,121383.22172797067
Toda la población,República Dominicana,2021,Todas las edades,Ambos,Enfermedad renal crónica,DALYs,108163.0505677231,88041.77315105608,127544.32583385456
Toda la población,República Dominicana,2022,Todas las edades,Ambos,Enfermedad renal crónica,DALYs,111823.10036815635,90636.95414721861,132298.6857020281
Toda la población,República Dominicana,2023,Todas las edades,Ambos,Enfermedad renal crónica,DALYs,115617.13065630598,93937.60160720334,139324.59861138422
Toda la población,Honduras,1990,Todas las edades,Ambos,Enfermedad renal crónica,DALYs,19885.95684918099,14678.552399509157,25202.25729042994
Toda la población,Honduras,1991,Todas las edades,Ambos,Enfermedad renal crónica,DALYs,20517.38278428142,15317.76146429149,25940.935412518764
Toda la población,Honduras,1992,Todas las edades,Ambos,Enfermedad renal crónica,DALYs,21188.05034573111,15903.677232720644,26067.723961432945
Toda la población,Honduras,1993,Todas las edades,Ambos,Enfermedad renal crónica,DALYs,22070.63773391474,16720.081030584763,26990.876015418107
Toda la población,Honduras,1994,Todas las edades,Ambos,Enfermedad renal crónica,DALYs,22986.771031879445,17500.425495297157,28791.757172161168
Toda la población,Honduras,1995,Todas las edades,Ambos,Enfermedad renal crónica,DALYs,23816.926889375616,17938.820533372556,29714.842630693376
Toda la población,Honduras,1996,Todas las edades,Ambos,Enfermedad renal crónica,DALYs,24938.836306211007,19009.25297225885,31023.420075549617
Toda la población,Honduras,1997,Todas las edades,Ambos,Enfermedad renal crónica,DALYs,25973.411172886572,19568.220134541807,32459.47876951231
Toda la población,Honduras,1998,Todas las edades,Ambos,Enfermedad renal crónica,DALYs,26958.78171655873,20259.946409278287,34048.25317851135
Toda la población,Honduras,1999,Todas las edades,Ambos,Enfermedad renal crónica,DALYs,28051.050177228273,21018.087716210975,35312.244616158525
Toda la población,Honduras,2000,Todas las edades,Ambos,Enfermedad renal crónica,DALYs,29089.0603180958,22130.11807161715,36945.18543066924
Toda la población,Honduras,2001,Todas las edades,Ambos,Enfermedad renal crónica,DALYs,30263.062168373264,23193.737111560426,38272.4439155845
Toda la población,Honduras,2002,Todas las edades,Ambos,Enfermedad renal crónica,DALYs,31711.258305316147,24247.608543852548,40396.08750683662
Toda la población,Honduras,2003,Todas las edades,Ambos,Enfermedad renal crónica,DALYs,33173.17013086571,25694.702717430308,42659.15053054519
Toda la población,Honduras,2004,Todas las edades,Ambos,Enfermedad renal crónica,DALYs,34608.6494490031,27330.127586942195,44251.540629054565
Toda la población,Honduras,2005,Todas las edades,Ambos,Enfermedad renal crónica,DALYs,35747.22133069314,28849.570476611138,44899.70544699782
Toda la población,Honduras,2006,Todas las edades,Ambos,Enfermedad renal crónica,DALYs,36854.31551429959,29670.187638015464,46876.49644359592
Toda la población,Honduras,2007,Todas las edades,Ambos,Enfermedad renal crónica,DALYs,37944.229357003576,30378.774085512883,48063.346719422494
Toda la población,Honduras,2008,Todas las edades,Ambos,Enfermedad renal crónica,DALYs,39111.44467543899,31327.323814320356,49915.48736537308
Toda la población,Honduras,2009,Todas las edades,Ambos,Enfermedad renal crónica,DALYs,40345.55267331529,32091.327075524772,51786.01441078173
Toda la población,Honduras,2010,Todas las edades,Ambos,Enfermedad renal crónica,DALYs,41899.811429622765,33258.155315669566,53301.85228782668
Toda la población,Honduras,2011,Todas las edades,Ambos,Enfermedad renal crónica,DALYs,44007.7320976121,34863.6380282733,56433.50597946213
Toda la población,Honduras,2012,Todas las edades,Ambos,Enfermedad renal crónica,DALYs,47721.391999134685,37667.783598695685,60708.82213519307
Toda la población,Honduras,2013,Todas las edades,Ambos,Enfermedad renal crónica,DALYs,49316.97525533301,39249.43904325986,62338.59683018827
Toda la población,Honduras,2014,Todas las edades,Ambos,Enfermedad renal crónica,DALYs,51074.852620459664,40980.42512968891,65390.95333408821
Toda la población,Honduras,2015,Todas las edades,Ambos,Enfermedad renal crónica,DALYs,52807.93757913806,42612.634204390684,69041.52892717473
Toda la población,Honduras,2016,Todas las edades,Ambos,Enfermedad renal crónica,DALYs,53870.338318611575,43087.697403794096,70539.30346647826
Toda la población,Honduras,2017,Todas las edades,Ambos,Enfermedad renal crónica,DALYs,55703.740175126564,45092.00567801891,73258.88709418729
Toda la población,Honduras,2018,Todas las edades,Ambos,Enfermedad renal crónica,DALYs,57853.1676066224,46634.344892706875,75488.46067972083
Toda la población,Honduras,2019,Todas las edades,Ambos,Enfermedad renal crónica,DALYs,59925.13057588673,48183.129730062035,77559.75838029271
Toda la población,Honduras,2020,Todas las edades,Ambos,Enfermedad renal crónica,DALYs,58917.10143783188,47936.63986872007,75718.44836946731
Toda la población,Honduras,2021,Todas las edades,Ambos,Enfermedad renal crónica,DALYs,63782.36252739534,51609.612836949156,81079.81476223792
Toda la población,Honduras,2022,Todas las edades,Ambos,Enfermedad renal crónica,DALYs,65155.183876799,52656.25735034194,84275.7280206492
Toda la población,Honduras,2023,Todas las edades,Ambos,Enfermedad renal crónica,DALYs,66828.74180227525,53906.9146482429,85315.08182963668

"Institute for Health Metrics and Evaluation (IHME). Comparación de GBD Data Visualization. Global Burden of Disease (GBD) Study 2023. Seattle, WA: IHME, University of Washington, 2025. Available from https://vizhub.healthdata.org/gbd-compare/. (Accessed 3/2/2026). For terms and conditions of use, please visit http://www.healthdata.org/about/terms-and-conditions"
